<?xml version="1.0" encoding="UTF-8"?>
<deploy
 date="2024.07.22.01:30:25"
 outputDirectory="/nfs/site/disks/swuser_work_mlavany1/project/lz/24.3/github_infra/ww30_b120/niosv_g_simple/ip/pgm_q/pgm_q_intel_niosv_g_0/">
 <perimeter>
  <parameter
     name="AUTO_GENERATION_ID"
     type="Integer"
     defaultValue="0"
     onHdl="0"
     affectsHdl="1" />
  <parameter
     name="AUTO_UNIQUE_ID"
     type="String"
     defaultValue=""
     onHdl="0"
     affectsHdl="1" />
  <parameter
     name="AUTO_DEVICE_FAMILY"
     type="String"
     defaultValue="Agilex 7"
     onHdl="0"
     affectsHdl="1" />
  <parameter
     name="AUTO_DEVICE"
     type="String"
     defaultValue="AGFB014R24B2E2V"
     onHdl="0"
     affectsHdl="1" />
  <parameter
     name="AUTO_DEVICE_SPEEDGRADE"
     type="String"
     defaultValue="2"
     onHdl="0"
     affectsHdl="1" />
  <parameter
     name="AUTO_BOARD"
     type="String"
     defaultValue="default"
     onHdl="0"
     affectsHdl="1" />
  <parameter
     name="AUTO_CLK_CLOCK_RATE"
     type="Long"
     defaultValue="-1"
     onHdl="0"
     affectsHdl="1" />
  <parameter
     name="AUTO_CLK_CLOCK_DOMAIN"
     type="Integer"
     defaultValue="-1"
     onHdl="0"
     affectsHdl="1" />
  <parameter
     name="AUTO_CLK_RESET_DOMAIN"
     type="Integer"
     defaultValue="-1"
     onHdl="0"
     affectsHdl="1" />
  <parameter
     name="AUTO_PLATFORM_IRQ_RX_INTERRUPTS_USED"
     type="BigInteger"
     defaultValue="-1"
     onHdl="0"
     affectsHdl="1" />
  <parameter
     name="AUTO_INSTRUCTION_MANAGER_ADDRESS_MAP"
     type="AddressMap"
     defaultValue=""
     onHdl="0"
     affectsHdl="1" />
  <parameter
     name="AUTO_INSTRUCTION_MANAGER_ADDRESS_WIDTH"
     type="AddressWidthType"
     defaultValue="-1"
     onHdl="0"
     affectsHdl="1" />
  <parameter
     name="AUTO_DATA_MANAGER_ADDRESS_MAP"
     type="AddressMap"
     defaultValue=""
     onHdl="0"
     affectsHdl="1" />
  <parameter
     name="AUTO_DATA_MANAGER_ADDRESS_WIDTH"
     type="AddressWidthType"
     defaultValue="-1"
     onHdl="0"
     affectsHdl="1" />
  <interface name="clk" kind="clock" start="0">
   <property name="clockRate" value="0" />
   <property name="externallyDriven" value="false" />
   <property name="ptfSchematicName" value="" />
   <port name="clk" direction="input" role="clk" width="1" />
  </interface>
  <interface name="reset" kind="reset" start="0">
   <property name="associatedClock" value="clk" />
   <property name="synchronousEdges" value="DEASSERT" />
   <port name="reset_reset" direction="input" role="reset" width="1" />
  </interface>
  <interface name="cpu_ecc_status" kind="conduit" start="0">
   <property name="associatedClock" value="" />
   <property name="associatedReset" value="" />
   <property name="prSafe" value="false" />
   <port
       name="cpu_ecc_status_ecc_status"
       direction="output"
       role="ecc_status"
       width="2" />
   <port
       name="cpu_ecc_status_ecc_source"
       direction="output"
       role="ecc_source"
       width="4" />
  </interface>
  <interface name="platform_irq_rx" kind="interrupt" start="1">
   <property name="associatedAddressablePoint" value="" />
   <property name="associatedClock" value="clk" />
   <property name="associatedReset" value="reset" />
   <property name="irqMap" value="" />
   <property name="irqScheme" value="INDIVIDUAL_REQUESTS" />
   <port name="platform_irq_rx_irq" direction="input" role="irq" width="16" />
  </interface>
  <interface name="instruction_manager" kind="axi4" start="1">
   <property name="associatedClock" value="clk" />
   <property name="associatedReset" value="reset" />
   <property name="trustzoneAware" value="true" />
   <property name="wakeupSignals" value="false" />
   <property name="uniqueIdSupport" value="false" />
   <property name="poison" value="false" />
   <property name="traceSignals" value="false" />
   <property name="maximumOutstandingReads" value="1" />
   <property name="maximumOutstandingWrites" value="1" />
   <property name="maximumOutstandingTransactions" value="1" />
   <property name="dataCheck" value="false" />
   <property name="addressCheck" value="false" />
   <property name="securityAttribute" value="false" />
   <property name="userData" value="false" />
   <property name="readIssuingCapability" value="8" />
   <property name="writeIssuingCapability" value="1" />
   <property name="combinedIssuingCapability" value="8" />
   <property name="issuesINCRBursts" value="true" />
   <property name="issuesWRAPBursts" value="true" />
   <property name="issuesFIXEDBursts" value="true" />
   <port
       name="instruction_manager_awaddr"
       direction="output"
       role="awaddr"
       width="32" />
   <port
       name="instruction_manager_awlen"
       direction="output"
       role="awlen"
       width="8" />
   <port
       name="instruction_manager_awsize"
       direction="output"
       role="awsize"
       width="3" />
   <port
       name="instruction_manager_awburst"
       direction="output"
       role="awburst"
       width="2" />
   <port
       name="instruction_manager_awprot"
       direction="output"
       role="awprot"
       width="3" />
   <port
       name="instruction_manager_awvalid"
       direction="output"
       role="awvalid"
       width="1" />
   <port
       name="instruction_manager_awready"
       direction="input"
       role="awready"
       width="1" />
   <port
       name="instruction_manager_wdata"
       direction="output"
       role="wdata"
       width="32" />
   <port
       name="instruction_manager_wstrb"
       direction="output"
       role="wstrb"
       width="4" />
   <port
       name="instruction_manager_wlast"
       direction="output"
       role="wlast"
       width="1" />
   <port
       name="instruction_manager_wvalid"
       direction="output"
       role="wvalid"
       width="1" />
   <port
       name="instruction_manager_wready"
       direction="input"
       role="wready"
       width="1" />
   <port
       name="instruction_manager_bresp"
       direction="input"
       role="bresp"
       width="2" />
   <port
       name="instruction_manager_bvalid"
       direction="input"
       role="bvalid"
       width="1" />
   <port
       name="instruction_manager_bready"
       direction="output"
       role="bready"
       width="1" />
   <port
       name="instruction_manager_araddr"
       direction="output"
       role="araddr"
       width="32" />
   <port
       name="instruction_manager_arlen"
       direction="output"
       role="arlen"
       width="8" />
   <port
       name="instruction_manager_arsize"
       direction="output"
       role="arsize"
       width="3" />
   <port
       name="instruction_manager_arburst"
       direction="output"
       role="arburst"
       width="2" />
   <port
       name="instruction_manager_arprot"
       direction="output"
       role="arprot"
       width="3" />
   <port
       name="instruction_manager_arvalid"
       direction="output"
       role="arvalid"
       width="1" />
   <port
       name="instruction_manager_arready"
       direction="input"
       role="arready"
       width="1" />
   <port
       name="instruction_manager_rdata"
       direction="input"
       role="rdata"
       width="32" />
   <port
       name="instruction_manager_rresp"
       direction="input"
       role="rresp"
       width="2" />
   <port
       name="instruction_manager_rlast"
       direction="input"
       role="rlast"
       width="1" />
   <port
       name="instruction_manager_rvalid"
       direction="input"
       role="rvalid"
       width="1" />
   <port
       name="instruction_manager_rready"
       direction="output"
       role="rready"
       width="1" />
  </interface>
  <interface name="data_manager" kind="axi4" start="1">
   <property name="associatedClock" value="clk" />
   <property name="associatedReset" value="reset" />
   <property name="trustzoneAware" value="true" />
   <property name="wakeupSignals" value="false" />
   <property name="uniqueIdSupport" value="false" />
   <property name="poison" value="false" />
   <property name="traceSignals" value="false" />
   <property name="maximumOutstandingReads" value="1" />
   <property name="maximumOutstandingWrites" value="1" />
   <property name="maximumOutstandingTransactions" value="1" />
   <property name="dataCheck" value="false" />
   <property name="addressCheck" value="false" />
   <property name="securityAttribute" value="false" />
   <property name="userData" value="false" />
   <property name="readIssuingCapability" value="1" />
   <property name="writeIssuingCapability" value="1" />
   <property name="combinedIssuingCapability" value="1" />
   <property name="issuesINCRBursts" value="true" />
   <property name="issuesWRAPBursts" value="true" />
   <property name="issuesFIXEDBursts" value="true" />
   <port
       name="data_manager_awaddr"
       direction="output"
       role="awaddr"
       width="32" />
   <port name="data_manager_awlen" direction="output" role="awlen" width="8" />
   <port name="data_manager_awsize" direction="output" role="awsize" width="3" />
   <port name="data_manager_awprot" direction="output" role="awprot" width="3" />
   <port
       name="data_manager_awvalid"
       direction="output"
       role="awvalid"
       width="1" />
   <port
       name="data_manager_awready"
       direction="input"
       role="awready"
       width="1" />
   <port name="data_manager_wdata" direction="output" role="wdata" width="32" />
   <port name="data_manager_wstrb" direction="output" role="wstrb" width="4" />
   <port name="data_manager_wlast" direction="output" role="wlast" width="1" />
   <port name="data_manager_wvalid" direction="output" role="wvalid" width="1" />
   <port name="data_manager_wready" direction="input" role="wready" width="1" />
   <port name="data_manager_bresp" direction="input" role="bresp" width="2" />
   <port name="data_manager_bvalid" direction="input" role="bvalid" width="1" />
   <port name="data_manager_bready" direction="output" role="bready" width="1" />
   <port
       name="data_manager_araddr"
       direction="output"
       role="araddr"
       width="32" />
   <port name="data_manager_arlen" direction="output" role="arlen" width="8" />
   <port name="data_manager_arsize" direction="output" role="arsize" width="3" />
   <port name="data_manager_arprot" direction="output" role="arprot" width="3" />
   <port
       name="data_manager_arvalid"
       direction="output"
       role="arvalid"
       width="1" />
   <port
       name="data_manager_arready"
       direction="input"
       role="arready"
       width="1" />
   <port name="data_manager_rdata" direction="input" role="rdata" width="32" />
   <port name="data_manager_rresp" direction="input" role="rresp" width="2" />
   <port name="data_manager_rlast" direction="input" role="rlast" width="1" />
   <port name="data_manager_rvalid" direction="input" role="rvalid" width="1" />
   <port name="data_manager_rready" direction="output" role="rready" width="1" />
  </interface>
  <interface name="timer_sw_agent" kind="avalon" start="0">
   <property name="addressAlignment" value="DYNAMIC" />
   <property name="addressGroup" value="0" />
   <property name="addressSpan" value="64" />
   <property name="addressUnits" value="SYMBOLS" />
   <property name="alwaysBurstMaxBurst" value="false" />
   <property name="associatedClock" value="clk" />
   <property name="associatedReset" value="reset" />
   <property name="bitsPerSymbol" value="8" />
   <property name="bridgedAddressOffset" value="0" />
   <property name="bridgesToMaster" value="" />
   <property name="burstOnBurstBoundariesOnly" value="false" />
   <property name="burstcountUnits" value="WORDS" />
   <property name="constantBurstBehavior" value="false" />
   <property name="explicitAddressSpan" value="0" />
   <property name="holdTime" value="0" />
   <property name="interleaveBursts" value="false" />
   <property name="isBigEndian" value="false" />
   <property name="isFlash" value="false" />
   <property name="isMemoryDevice" value="false" />
   <property name="isNonVolatileStorage" value="false" />
   <property name="linewrapBursts" value="false" />
   <property name="maximumPendingReadTransactions" value="2" />
   <property name="maximumPendingWriteTransactions" value="0" />
   <property name="minimumReadLatency" value="1" />
   <property name="minimumResponseLatency" value="1" />
   <property name="minimumUninterruptedRunLength" value="1" />
   <property name="prSafe" value="false" />
   <property name="printableDevice" value="false" />
   <property name="readLatency" value="0" />
   <property name="readWaitStates" value="1" />
   <property name="readWaitTime" value="1" />
   <property name="registerIncomingSignals" value="false" />
   <property name="registerOutgoingSignals" value="false" />
   <property name="setupTime" value="0" />
   <property name="timingUnits" value="Cycles" />
   <property name="transparentBridge" value="false" />
   <property name="waitrequestAllowance" value="0" />
   <property name="waitrequestTimeout" value="1024" />
   <property name="wellBehavedWaitrequest" value="false" />
   <property name="writeLatency" value="0" />
   <property name="writeWaitStates" value="0" />
   <property name="writeWaitTime" value="0" />
   <property name="dfhFeatureGuid" value="0" />
   <property name="dfhGroupId" value="0" />
   <property name="dfhParameterId" value="" />
   <property name="dfhParameterName" value="" />
   <property name="dfhParameterVersion" value="" />
   <property name="dfhParameterData" value="" />
   <property name="dfhParameterDataLength" value="" />
   <property name="dfhFeatureMajorVersion" value="0" />
   <property name="dfhFeatureMinorVersion" value="0" />
   <property name="dfhFeatureId" value="35" />
   <property name="dfhFeatureType" value="3" />
   <port
       name="timer_sw_agent_address"
       direction="input"
       role="address"
       width="6" />
   <port
       name="timer_sw_agent_byteenable"
       direction="input"
       role="byteenable"
       width="4" />
   <port name="timer_sw_agent_read" direction="input" role="read" width="1" />
   <port
       name="timer_sw_agent_readdata"
       direction="output"
       role="readdata"
       width="32" />
   <port name="timer_sw_agent_write" direction="input" role="write" width="1" />
   <port
       name="timer_sw_agent_writedata"
       direction="input"
       role="writedata"
       width="32" />
   <port
       name="timer_sw_agent_waitrequest"
       direction="output"
       role="waitrequest"
       width="1" />
   <port
       name="timer_sw_agent_readdatavalid"
       direction="output"
       role="readdatavalid"
       width="1" />
  </interface>
  <interface name="dm_agent" kind="avalon" start="0">
   <property name="addressAlignment" value="DYNAMIC" />
   <property name="addressGroup" value="0" />
   <property name="addressSpan" value="65536" />
   <property name="addressUnits" value="SYMBOLS" />
   <property name="alwaysBurstMaxBurst" value="false" />
   <property name="associatedClock" value="clk" />
   <property name="associatedReset" value="reset" />
   <property name="bitsPerSymbol" value="8" />
   <property name="bridgedAddressOffset" value="0" />
   <property name="bridgesToMaster" value="" />
   <property name="burstOnBurstBoundariesOnly" value="false" />
   <property name="burstcountUnits" value="WORDS" />
   <property name="constantBurstBehavior" value="false" />
   <property name="explicitAddressSpan" value="0" />
   <property name="holdTime" value="0" />
   <property name="interleaveBursts" value="false" />
   <property name="isBigEndian" value="false" />
   <property name="isFlash" value="false" />
   <property name="isMemoryDevice" value="false" />
   <property name="isNonVolatileStorage" value="false" />
   <property name="linewrapBursts" value="false" />
   <property name="maximumPendingReadTransactions" value="2" />
   <property name="maximumPendingWriteTransactions" value="0" />
   <property name="minimumReadLatency" value="1" />
   <property name="minimumResponseLatency" value="1" />
   <property name="minimumUninterruptedRunLength" value="1" />
   <property name="prSafe" value="false" />
   <property name="printableDevice" value="false" />
   <property name="readLatency" value="0" />
   <property name="readWaitStates" value="1" />
   <property name="readWaitTime" value="1" />
   <property name="registerIncomingSignals" value="false" />
   <property name="registerOutgoingSignals" value="false" />
   <property name="setupTime" value="0" />
   <property name="timingUnits" value="Cycles" />
   <property name="transparentBridge" value="false" />
   <property name="waitrequestAllowance" value="0" />
   <property name="waitrequestTimeout" value="1024" />
   <property name="wellBehavedWaitrequest" value="false" />
   <property name="writeLatency" value="0" />
   <property name="writeWaitStates" value="0" />
   <property name="writeWaitTime" value="0" />
   <property name="dfhFeatureGuid" value="0" />
   <property name="dfhGroupId" value="0" />
   <property name="dfhParameterId" value="" />
   <property name="dfhParameterName" value="" />
   <property name="dfhParameterVersion" value="" />
   <property name="dfhParameterData" value="" />
   <property name="dfhParameterDataLength" value="" />
   <property name="dfhFeatureMajorVersion" value="0" />
   <property name="dfhFeatureMinorVersion" value="0" />
   <property name="dfhFeatureId" value="35" />
   <property name="dfhFeatureType" value="3" />
   <port name="dm_agent_address" direction="input" role="address" width="16" />
   <port name="dm_agent_read" direction="input" role="read" width="1" />
   <port
       name="dm_agent_readdata"
       direction="output"
       role="readdata"
       width="32" />
   <port name="dm_agent_write" direction="input" role="write" width="1" />
   <port
       name="dm_agent_writedata"
       direction="input"
       role="writedata"
       width="32" />
   <port
       name="dm_agent_waitrequest"
       direction="output"
       role="waitrequest"
       width="1" />
   <port
       name="dm_agent_readdatavalid"
       direction="output"
       role="readdatavalid"
       width="1" />
  </interface>
 </perimeter>
 <entity
   kind="pgm_q_intel_niosv_g_0"
   version="1.0"
   name="pgm_q_intel_niosv_g_0">
  <parameter name="AUTO_CLK_CLOCK_RATE" value="-1" />
  <parameter name="AUTO_DATA_MANAGER_ADDRESS_MAP" value="" />
  <parameter name="AUTO_GENERATION_ID" value="0" />
  <parameter name="AUTO_PLATFORM_IRQ_RX_INTERRUPTS_USED" value="-1" />
  <parameter name="AUTO_DEVICE_FAMILY" value="Agilex 7" />
  <parameter name="AUTO_BOARD" value="default" />
  <parameter name="AUTO_DATA_MANAGER_ADDRESS_WIDTH" value="-1" />
  <parameter name="AUTO_UNIQUE_ID" value="" />
  <parameter name="AUTO_DEVICE_SPEEDGRADE" value="2" />
  <parameter name="AUTO_INSTRUCTION_MANAGER_ADDRESS_WIDTH" value="-1" />
  <parameter name="AUTO_DEVICE" value="AGFB014R24B2E2V" />
  <parameter name="AUTO_INSTRUCTION_MANAGER_ADDRESS_MAP" value="" />
  <parameter name="AUTO_CLK_RESET_DOMAIN" value="-1" />
  <parameter name="AUTO_CLK_CLOCK_DOMAIN" value="-1" />
  <generatedFiles>
   <file
       path="/nfs/site/disks/swuser_work_mlavany1/project/lz/24.3/github_infra/ww30_b120/niosv_g_simple/ip/pgm_q/pgm_q_intel_niosv_g_0/synth/pgm_q_intel_niosv_g_0.v"
       attributes="CONTAINS_INLINE_CONFIGURATION" />
  </generatedFiles>
  <childGeneratedFiles>
   <file
       path="/nfs/site/disks/swuser_work_mlavany1/project/lz/24.3/github_infra/ww30_b120/niosv_g_simple/ip/pgm_q/pgm_q_intel_niosv_g_0/synth/pgm_q_intel_niosv_g_0.v"
       attributes="CONTAINS_INLINE_CONFIGURATION" />
  </childGeneratedFiles>
  <sourceFiles>
   <file
       path="/nfs/site/disks/swuser_work_mlavany1/project/lz/24.3/github_infra/ww30_b120/niosv_g_simple/ip/pgm_q/pgm_q_intel_niosv_g_0.ip" />
  </sourceFiles>
  <childSourceFiles>
   <file
       path="/p/psg/swip/releases6/acdskit/24.3/120/linux64/ip/altera/soft_processor/intel_niosv_g/intel_niosv_g_hw.tcl" />
   <file
       path="/p/psg/swip/releases6/acdskit/24.3/120/linux64/ip/altera/soft_processor/intel_niosv_g/intel_niosv_g_unit_hw.tcl" />
   <file
       path="/p/psg/swip/releases6/acdskit/24.3/120/linux64/ip/altera/merlin/altera_reset_controller/altera_reset_controller_hw.tcl" />
   <file
       path="/p/psg/swip/releases6/acdskit/24.3/120/linux64/ip/altera/soft_processor/intel_niosv_common/intel_niosv_timer_msip_hw.tcl" />
   <file
       path="/p/psg/swip/releases6/acdskit/24.3/120/linux64/ip/altera/soft_processor/intel_niosv_common/intel_niosv_dbg_mod_hw.tcl" />
   <file
       path="/p/psg/swip/releases6/acdskit/24.3/120/linux64/ip/altera/merlin/altera_irq_mapper/altera_irq_mapper_hw.tcl" />
  </childSourceFiles>
  <messages>
   <message level="Info" culprit="pgm_q_intel_niosv_g_0">"Generating: pgm_q_intel_niosv_g_0"</message>
   <message level="Info" culprit="pgm_q_intel_niosv_g_0">"Generating: pgm_q_intel_niosv_g_0_intel_niosv_g_300_3sfzxey"</message>
   <message level="Info" culprit="pgm_q_intel_niosv_g_0">"Generating: pgm_q_intel_niosv_g_0_intel_niosv_g_unit_300_7j6mrei"</message>
   <message level="Info" culprit="niosv_reset_controller">"Generating: niosv_reset_controller"</message>
   <message level="Info" culprit="pgm_q_intel_niosv_g_0">"Generating: niosv_reset_controller"</message>
   <message level="Info" culprit="pgm_q_intel_niosv_g_0">"Generating: altera_reset_controller"</message>
   <message level="Info" culprit="pgm_q_intel_niosv_g_0">"Generating: niosv_timer_msip"</message>
   <message level="Info" culprit="pgm_q_intel_niosv_g_0">"Generating: niosv_dm_top"</message>
   <message level="Info" culprit="pgm_q_intel_niosv_g_0">"Generating: pgm_q_intel_niosv_g_0_altera_irq_mapper_2001_wgtbcyy"</message>
  </messages>
 </entity>
 <entity
   kind="intel_niosv_g"
   version="3.0.0"
   name="pgm_q_intel_niosv_g_0_intel_niosv_g_300_3sfzxey">
  <parameter name="enableECCFull" value="true" />
  <parameter name="AUTO_BOARD" value="default" />
  <parameter name="enableDebugReset" value="false" />
  <parameter name="opcode" value="" />
  <parameter name="useResetReq" value="false" />
  <parameter name="peripheralRegionASize" value="131072" />
  <parameter name="SUB_OP" value="" />
  <parameter name="dtcm1InitFile" value="" />
  <parameter name="itcm2Size" value="0" />
  <parameter name="clockFrequency" value="50000000" />
  <parameter name="enableBranchPrediction" value="false" />
  <parameter name="resetOffset" value="0" />
  <parameter name="AUTO_CLK_RESET_DOMAIN" value="1" />
  <parameter name="itcm1Base" value="0" />
  <parameter name="mnemonic" value="" />
  <parameter name="itcm1InitFile" value="" />
  <parameter name="deviceFamily" value="Agilex 7" />
  <parameter name="enableMulDiv" value="true" />
  <parameter name="dtcm2Size" value="0" />
  <parameter name="resetSlave" value="intel_onchip_memory_0.s1" />
  <parameter name="enableFPU" value="false" />
  <parameter name="funct3" value="" />
  <parameter name="AUTO_DEVICE" value="AGFB014R24B2E2V" />
  <parameter name="peripheralRegionBSize" value="0" />
  <parameter name="AUTO_CLK_CLOCK_DOMAIN" value="1" />
  <parameter name="dtcm1Size" value="0" />
  <parameter name="enableLockstep" value="false" />
  <parameter name="peripheralRegionBBase" value="0" />
  <parameter name="enableDebug" value="true" />
  <parameter name="dtcm2Base" value="0" />
  <parameter name="CUSTOM_OP" value="" />
  <parameter name="AUTO_INSTRUCTION_MANAGER_ADDRESS_WIDTH" value="5" />
  <parameter
     name="dataSlaveMapParam"
     value="&lt;address-map&gt;&lt;slave name=&apos;intel_onchip_memory_0.s1&apos; start=&apos;0x0&apos; end=&apos;0xA0000&apos; datawidth=&apos;32&apos; /&gt;&lt;slave name=&apos;intel_niosv_g_0.dm_agent&apos; start=&apos;0x100000&apos; end=&apos;0x110000&apos; datawidth=&apos;32&apos; /&gt;&lt;slave name=&apos;intel_niosv_g_0.timer_sw_agent&apos; start=&apos;0x110000&apos; end=&apos;0x110040&apos; datawidth=&apos;32&apos; /&gt;&lt;slave name=&apos;jtag_uart_0.avalon_jtag_slave&apos; start=&apos;0x110040&apos; end=&apos;0x110048&apos; datawidth=&apos;32&apos; /&gt;&lt;/address-map&gt;" />
  <parameter name="dtcm2InitFile" value="" />
  <parameter name="Blind_Window_Period" value="1000" />
  <parameter
     name="instSlaveMapParam"
     value="&lt;address-map&gt;&lt;slave name=&apos;intel_onchip_memory_0.s1&apos; start=&apos;0x0&apos; end=&apos;0xA0000&apos; datawidth=&apos;32&apos; /&gt;&lt;slave name=&apos;intel_niosv_g_0.dm_agent&apos; start=&apos;0x100000&apos; end=&apos;0x110000&apos; datawidth=&apos;32&apos; /&gt;&lt;/address-map&gt;" />
  <parameter name="itcm1Size" value="0" />
  <parameter name="AUTO_PLATFORM_IRQ_RX_INTERRUPTS_USED" value="1" />
  <parameter name="AUTO_DATA_MANAGER_ADDRESS_WIDTH" value="5" />
  <parameter name="enableECCLite" value="true" />
  <parameter name="enableFRNET" value="false" />
  <parameter name="itcm2Base" value="0" />
  <parameter name="itcm2InitFile" value="" />
  <parameter name="AUTO_DEVICE_SPEEDGRADE" value="2" />
  <parameter name="hartId" value="0" />
  <parameter name="funct7_u" value="" />
  <parameter name="instCacheSize" value="4096" />
  <parameter name="dtcm1Base" value="0" />
  <parameter name="peripheralRegionABase" value="1048576" />
  <parameter name="Default_Timeout_Period" value="255" />
  <parameter name="funct7_l" value="" />
  <parameter name="dataCacheSize" value="4096" />
  <generatedFiles>
   <file
       path="/nfs/site/disks/swuser_work_mlavany1/project/lz/24.3/github_infra/ww30_b120/niosv_g_simple/ip/pgm_q/pgm_q_intel_niosv_g_0/intel_niosv_g_300/synth/pgm_q_intel_niosv_g_0_intel_niosv_g_300_3sfzxey.v"
       attributes="CONTAINS_INLINE_CONFIGURATION" />
  </generatedFiles>
  <childGeneratedFiles>
   <file
       path="/nfs/site/disks/swuser_work_mlavany1/project/lz/24.3/github_infra/ww30_b120/niosv_g_simple/ip/pgm_q/pgm_q_intel_niosv_g_0/intel_niosv_g_300/synth/pgm_q_intel_niosv_g_0_intel_niosv_g_300_3sfzxey.v"
       attributes="CONTAINS_INLINE_CONFIGURATION" />
  </childGeneratedFiles>
  <sourceFiles>
   <file
       path="/p/psg/swip/releases6/acdskit/24.3/120/linux64/ip/altera/soft_processor/intel_niosv_g/intel_niosv_g_hw.tcl" />
  </sourceFiles>
  <childSourceFiles>
   <file
       path="/p/psg/swip/releases6/acdskit/24.3/120/linux64/ip/altera/soft_processor/intel_niosv_g/intel_niosv_g_unit_hw.tcl" />
   <file
       path="/p/psg/swip/releases6/acdskit/24.3/120/linux64/ip/altera/merlin/altera_reset_controller/altera_reset_controller_hw.tcl" />
   <file
       path="/p/psg/swip/releases6/acdskit/24.3/120/linux64/ip/altera/soft_processor/intel_niosv_common/intel_niosv_timer_msip_hw.tcl" />
   <file
       path="/p/psg/swip/releases6/acdskit/24.3/120/linux64/ip/altera/soft_processor/intel_niosv_common/intel_niosv_dbg_mod_hw.tcl" />
   <file
       path="/p/psg/swip/releases6/acdskit/24.3/120/linux64/ip/altera/merlin/altera_irq_mapper/altera_irq_mapper_hw.tcl" />
  </childSourceFiles>
  <instantiator instantiator="pgm_q_intel_niosv_g_0" as="intel_niosv_g_0" />
  <messages>
   <message level="Info" culprit="pgm_q_intel_niosv_g_0">"Generating: pgm_q_intel_niosv_g_0_intel_niosv_g_300_3sfzxey"</message>
   <message level="Info" culprit="pgm_q_intel_niosv_g_0">"Generating: pgm_q_intel_niosv_g_0_intel_niosv_g_unit_300_7j6mrei"</message>
   <message level="Info" culprit="niosv_reset_controller">"Generating: niosv_reset_controller"</message>
   <message level="Info" culprit="pgm_q_intel_niosv_g_0">"Generating: niosv_reset_controller"</message>
   <message level="Info" culprit="pgm_q_intel_niosv_g_0">"Generating: altera_reset_controller"</message>
   <message level="Info" culprit="pgm_q_intel_niosv_g_0">"Generating: niosv_timer_msip"</message>
   <message level="Info" culprit="pgm_q_intel_niosv_g_0">"Generating: niosv_dm_top"</message>
   <message level="Info" culprit="pgm_q_intel_niosv_g_0">"Generating: pgm_q_intel_niosv_g_0_altera_irq_mapper_2001_wgtbcyy"</message>
  </messages>
 </entity>
 <entity
   kind="intel_niosv_g_unit"
   version="3.0.0"
   name="pgm_q_intel_niosv_g_0_intel_niosv_g_unit_300_7j6mrei">
  <parameter name="AUTO_DEBUG_IRQ_RX_INTERRUPTS_USED" value="1" />
  <parameter name="AUTO_EXT_IRQ_RX_INTERRUPTS_USED" value="-1" />
  <parameter name="DTCM1_BASE" value="0" />
  <parameter name="PERIPHERAL_REGION_B_BASE" value="0" />
  <parameter name="ECC_FULL" value="1" />
  <parameter name="DATA_CACHE_SIZE" value="4096" />
  <parameter name="opcode" value="" />
  <parameter name="SUB_OP" value="" />
  <parameter name="DEFAULT_TIMEOUT_PERIOD" value="255" />
  <parameter name="ITCM2_BASE" value="0" />
  <parameter name="DBG_DATA_S_BASE" value="1048576" />
  <parameter name="mnemonic" value="" />
  <parameter name="PERIPHERAL_REGION_A_BASE" value="1048576" />
  <parameter name="RESET_VECTOR" value="0" />
  <parameter name="DTCS1_ADDR_WIDTH" value="10" />
  <parameter name="AUTO_TIMER_IRQ_RX_INTERRUPTS_USED" value="1" />
  <parameter name="DBG_EXPN_VECTOR" value="1048576" />
  <parameter name="LOCKSTEP_EN" value="0" />
  <parameter name="DTCM2_SIZE" value="0" />
  <parameter name="FRNET_IF_ACTIVE" value="0" />
  <parameter name="funct3" value="" />
  <parameter name="CORE_EXTN" value="4352" />
  <parameter name="TIMER_MSIP_DATA_S_BASE" value="1114112" />
  <parameter name="funct7" value="" />
  <parameter name="ITCM1_BASE" value="0" />
  <parameter name="HARTID" value="0" />
  <parameter name="DTCM1_INIT_FILE" value="" />
  <parameter name="DTCS2_ADDR_WIDTH" value="10" />
  <parameter name="DEVICE_FAMILY" value="Agilex 7" />
  <parameter name="CUSTOM_OP" value="" />
  <parameter name="ITCM2_SIZE" value="0" />
  <parameter name="ECC_EN" value="1" />
  <parameter name="AUTO_SW_IRQ_RX_INTERRUPTS_USED" value="1" />
  <parameter name="PERIPHERAL_REGION_A_SIZE" value="131072" />
  <parameter name="ITCM1_INIT_FILE" value="" />
  <parameter name="USE_RESET_REQ" value="0" />
  <parameter name="PERIPHERAL_REGION_B_SIZE" value="0" />
  <parameter name="BRANCHPREDICTION_EN" value="0" />
  <parameter name="AUTO_PLATFORM_IRQ_RX_INTERRUPTS_USED" value="1" />
  <parameter name="ITCS1_ADDR_WIDTH" value="10" />
  <parameter name="INST_CACHE_SIZE" value="4096" />
  <parameter name="DTCM2_INIT_FILE" value="" />
  <parameter name="DTCM2_BASE" value="0" />
  <parameter name="DTCM1_SIZE" value="0" />
  <parameter name="ITCM1_SIZE" value="0" />
  <parameter name="DEBUG_ENABLED" value="1" />
  <parameter name="BLIND_WINDOW_PERIOD" value="1000" />
  <parameter name="ITCS2_ADDR_WIDTH" value="10" />
  <parameter name="ITCM2_INIT_FILE" value="" />
  <generatedFiles>
   <file
       path="/nfs/site/disks/swuser_work_mlavany1/project/lz/24.3/github_infra/ww30_b120/niosv_g_simple/ip/pgm_q/pgm_q_intel_niosv_g_0/intel_niosv_g_unit_300/synth/niosv_opcode_def.sv"
       attributes="" />
   <file
       path="/nfs/site/disks/swuser_work_mlavany1/project/lz/24.3/github_infra/ww30_b120/niosv_g_simple/ip/pgm_q/pgm_q_intel_niosv_g_0/intel_niosv_g_unit_300/synth/niosv_mem_op_state.sv"
       attributes="" />
   <file
       path="/nfs/site/disks/swuser_work_mlavany1/project/lz/24.3/github_infra/ww30_b120/niosv_g_simple/ip/pgm_q/pgm_q_intel_niosv_g_0/intel_niosv_g_unit_300/synth/niosv_ram.sv"
       attributes="" />
   <file
       path="/nfs/site/disks/swuser_work_mlavany1/project/lz/24.3/github_infra/ww30_b120/niosv_g_simple/ip/pgm_q/pgm_q_intel_niosv_g_0/intel_niosv_g_unit_300/synth/niosv_altecc_32enc.v"
       attributes="" />
   <file
       path="/nfs/site/disks/swuser_work_mlavany1/project/lz/24.3/github_infra/ww30_b120/niosv_g_simple/ip/pgm_q/pgm_q_intel_niosv_g_0/intel_niosv_g_unit_300/synth/niosv_altecc_32dec.v"
       attributes="" />
   <file
       path="/nfs/site/disks/swuser_work_mlavany1/project/lz/24.3/github_infra/ww30_b120/niosv_g_simple/ip/pgm_q/pgm_q_intel_niosv_g_0/intel_niosv_g_unit_300/synth/niosv_tcm_ram.sv"
       attributes="" />
   <file
       path="/nfs/site/disks/swuser_work_mlavany1/project/lz/24.3/github_infra/ww30_b120/niosv_g_simple/ip/pgm_q/pgm_q_intel_niosv_g_0/intel_niosv_g_unit_300/synth/niosv_reg_file.sv"
       attributes="" />
   <file
       path="/nfs/site/disks/swuser_work_mlavany1/project/lz/24.3/github_infra/ww30_b120/niosv_g_simple/ip/pgm_q/pgm_q_intel_niosv_g_0/intel_niosv_g_unit_300/synth/niosv_alu.sv"
       attributes="" />
   <file
       path="/nfs/site/disks/swuser_work_mlavany1/project/lz/24.3/github_infra/ww30_b120/niosv_g_simple/ip/pgm_q/pgm_q_intel_niosv_g_0/intel_niosv_g_unit_300/synth/niosv_csr.sv"
       attributes="" />
   <file
       path="/nfs/site/disks/swuser_work_mlavany1/project/lz/24.3/github_infra/ww30_b120/niosv_g_simple/ip/pgm_q/pgm_q_intel_niosv_g_0/intel_niosv_g_unit_300/synth/niosv_interrupt_handler.sv"
       attributes="" />
   <file
       path="/nfs/site/disks/swuser_work_mlavany1/project/lz/24.3/github_infra/ww30_b120/niosv_g_simple/ip/pgm_q/pgm_q_intel_niosv_g_0/intel_niosv_g_unit_300/synth/niosv_multiplier.sv"
       attributes="" />
   <file
       path="/nfs/site/disks/swuser_work_mlavany1/project/lz/24.3/github_infra/ww30_b120/niosv_g_simple/ip/pgm_q/pgm_q_intel_niosv_g_0/intel_niosv_g_unit_300/synth/niosv_divider.sv"
       attributes="" />
   <file
       path="/nfs/site/disks/swuser_work_mlavany1/project/lz/24.3/github_infra/ww30_b120/niosv_g_simple/ip/pgm_q/pgm_q_intel_niosv_g_0/intel_niosv_g_unit_300/synth/niosv_instr_buffer.sv"
       attributes="" />
   <file
       path="/nfs/site/disks/swuser_work_mlavany1/project/lz/24.3/github_infra/ww30_b120/niosv_g_simple/ip/pgm_q/pgm_q_intel_niosv_g_0/intel_niosv_g_unit_300/synth/niosv_victim_buffer.sv"
       attributes="" />
   <file
       path="/nfs/site/disks/swuser_work_mlavany1/project/lz/24.3/github_infra/ww30_b120/niosv_g_simple/ip/pgm_q/pgm_q_intel_niosv_g_0/intel_niosv_g_unit_300/synth/niosv_frsmart_comp_def.sv"
       attributes="" />
   <file
       path="/nfs/site/disks/swuser_work_mlavany1/project/lz/24.3/github_infra/ww30_b120/niosv_g_simple/ip/pgm_q/pgm_q_intel_niosv_g_0/intel_niosv_g_unit_300/synth/niosv_ahbdecmx.sv"
       attributes="" />
   <file
       path="/nfs/site/disks/swuser_work_mlavany1/project/lz/24.3/github_infra/ww30_b120/niosv_g_simple/ip/pgm_q/pgm_q_intel_niosv_g_0/intel_niosv_g_unit_300/synth/niosv_avmm2ahb.sv"
       attributes="" />
   <file
       path="/nfs/site/disks/swuser_work_mlavany1/project/lz/24.3/github_infra/ww30_b120/niosv_g_simple/ip/pgm_q/pgm_q_intel_niosv_g_0/intel_niosv_g_unit_300/synth/niosv_ccfdetstub.sv"
       attributes="" />
   <file
       path="/nfs/site/disks/swuser_work_mlavany1/project/lz/24.3/github_infra/ww30_b120/niosv_g_simple/ip/pgm_q/pgm_q_intel_niosv_g_0/intel_niosv_g_unit_300/synth/niosv_dclsm_cmp_serial.sv"
       attributes="" />
   <file
       path="/nfs/site/disks/swuser_work_mlavany1/project/lz/24.3/github_infra/ww30_b120/niosv_g_simple/ip/pgm_q/pgm_q_intel_niosv_g_0/intel_niosv_g_unit_300/synth/niosv_dclsm_cmp.sv"
       attributes="" />
   <file
       path="/nfs/site/disks/swuser_work_mlavany1/project/lz/24.3/github_infra/ww30_b120/niosv_g_simple/ip/pgm_q/pgm_q_intel_niosv_g_0/intel_niosv_g_unit_300/synth/niosv_dclsm_cmp0.sv"
       attributes="" />
   <file
       path="/nfs/site/disks/swuser_work_mlavany1/project/lz/24.3/github_infra/ww30_b120/niosv_g_simple/ip/pgm_q/pgm_q_intel_niosv_g_0/intel_niosv_g_unit_300/synth/niosv_dclsm_cmp1.sv"
       attributes="" />
   <file
       path="/nfs/site/disks/swuser_work_mlavany1/project/lz/24.3/github_infra/ww30_b120/niosv_g_simple/ip/pgm_q/pgm_q_intel_niosv_g_0/intel_niosv_g_unit_300/synth/niosv_dclsm_cpu_ioroute.sv"
       attributes="" />
   <file
       path="/nfs/site/disks/swuser_work_mlavany1/project/lz/24.3/github_infra/ww30_b120/niosv_g_simple/ip/pgm_q/pgm_q_intel_niosv_g_0/intel_niosv_g_unit_300/synth/niosv_dclsm_ctrl.sv"
       attributes="" />
   <file
       path="/nfs/site/disks/swuser_work_mlavany1/project/lz/24.3/github_infra/ww30_b120/niosv_g_simple/ip/pgm_q/pgm_q_intel_niosv_g_0/intel_niosv_g_unit_300/synth/niosv_dclsm_dec_bfi.sv"
       attributes="" />
   <file
       path="/nfs/site/disks/swuser_work_mlavany1/project/lz/24.3/github_infra/ww30_b120/niosv_g_simple/ip/pgm_q/pgm_q_intel_niosv_g_0/intel_niosv_g_unit_300/synth/niosv_dclsm_dec.sv"
       attributes="" />
   <file
       path="/nfs/site/disks/swuser_work_mlavany1/project/lz/24.3/github_infra/ww30_b120/niosv_g_simple/ip/pgm_q/pgm_q_intel_niosv_g_0/intel_niosv_g_unit_300/synth/niosv_dclsm.sv"
       attributes="" />
   <file
       path="/nfs/site/disks/swuser_work_mlavany1/project/lz/24.3/github_infra/ww30_b120/niosv_g_simple/ip/pgm_q/pgm_q_intel_niosv_g_0/intel_niosv_g_unit_300/synth/niosv_defslave.sv"
       attributes="" />
   <file
       path="/nfs/site/disks/swuser_work_mlavany1/project/lz/24.3/github_infra/ww30_b120/niosv_g_simple/ip/pgm_q/pgm_q_intel_niosv_g_0/intel_niosv_g_unit_300/synth/niosv_errctrl_ahbsi.sv"
       attributes="" />
   <file
       path="/nfs/site/disks/swuser_work_mlavany1/project/lz/24.3/github_infra/ww30_b120/niosv_g_simple/ip/pgm_q/pgm_q_intel_niosv_g_0/intel_niosv_g_unit_300/synth/niosv_errctrl_am_oknok0.sv"
       attributes="" />
   <file
       path="/nfs/site/disks/swuser_work_mlavany1/project/lz/24.3/github_infra/ww30_b120/niosv_g_simple/ip/pgm_q/pgm_q_intel_niosv_g_0/intel_niosv_g_unit_300/synth/niosv_errctrl_am_oknok1.sv"
       attributes="" />
   <file
       path="/nfs/site/disks/swuser_work_mlavany1/project/lz/24.3/github_infra/ww30_b120/niosv_g_simple/ip/pgm_q/pgm_q_intel_niosv_g_0/intel_niosv_g_unit_300/synth/niosv_errctrl_am.sv"
       attributes="" />
   <file
       path="/nfs/site/disks/swuser_work_mlavany1/project/lz/24.3/github_infra/ww30_b120/niosv_g_simple/ip/pgm_q/pgm_q_intel_niosv_g_0/intel_niosv_g_unit_300/synth/niosv_errctrl_cu.sv"
       attributes="" />
   <file
       path="/nfs/site/disks/swuser_work_mlavany1/project/lz/24.3/github_infra/ww30_b120/niosv_g_simple/ip/pgm_q/pgm_q_intel_niosv_g_0/intel_niosv_g_unit_300/synth/niosv_errctrl_sm.sv"
       attributes="" />
   <file
       path="/nfs/site/disks/swuser_work_mlavany1/project/lz/24.3/github_infra/ww30_b120/niosv_g_simple/ip/pgm_q/pgm_q_intel_niosv_g_0/intel_niosv_g_unit_300/synth/niosv_errctrl_tcu.sv"
       attributes="" />
   <file
       path="/nfs/site/disks/swuser_work_mlavany1/project/lz/24.3/github_infra/ww30_b120/niosv_g_simple/ip/pgm_q/pgm_q_intel_niosv_g_0/intel_niosv_g_unit_300/synth/niosv_errctrl.sv"
       attributes="" />
   <file
       path="/nfs/site/disks/swuser_work_mlavany1/project/lz/24.3/github_infra/ww30_b120/niosv_g_simple/ip/pgm_q/pgm_q_intel_niosv_g_0/intel_niosv_g_unit_300/synth/niosv_frsmartcomp.sv"
       attributes="" />
   <file
       path="/nfs/site/disks/swuser_work_mlavany1/project/lz/24.3/github_infra/ww30_b120/niosv_g_simple/ip/pgm_q/pgm_q_intel_niosv_g_0/intel_niosv_g_unit_300/synth/niosv_g_fetch.sv"
       attributes="" />
   <file
       path="/nfs/site/disks/swuser_work_mlavany1/project/lz/24.3/github_infra/ww30_b120/niosv_g_simple/ip/pgm_q/pgm_q_intel_niosv_g_0/intel_niosv_g_unit_300/synth/niosv_g_dcache.sv"
       attributes="" />
   <file
       path="/nfs/site/disks/swuser_work_mlavany1/project/lz/24.3/github_infra/ww30_b120/niosv_g_simple/ip/pgm_q/pgm_q_intel_niosv_g_0/intel_niosv_g_unit_300/synth/niosv_g_instr_cache.sv"
       attributes="" />
   <file
       path="/nfs/site/disks/swuser_work_mlavany1/project/lz/24.3/github_infra/ww30_b120/niosv_g_simple/ip/pgm_q/pgm_q_intel_niosv_g_0/intel_niosv_g_unit_300/synth/niosv_g_branch_predictor.sv"
       attributes="" />
   <file
       path="/nfs/site/disks/swuser_work_mlavany1/project/lz/24.3/github_infra/ww30_b120/niosv_g_simple/ip/pgm_q/pgm_q_intel_niosv_g_0/intel_niosv_g_unit_300/synth/niosv_g_new_pc.sv"
       attributes="" />
   <file
       path="/nfs/site/disks/swuser_work_mlavany1/project/lz/24.3/github_infra/ww30_b120/niosv_g_simple/ip/pgm_q/pgm_q_intel_niosv_g_0/intel_niosv_g_unit_300/synth/niosv_g_fp_def.sv"
       attributes="" />
   <file
       path="/nfs/site/disks/swuser_work_mlavany1/project/lz/24.3/github_infra/ww30_b120/niosv_g_simple/ip/pgm_q/pgm_q_intel_niosv_g_0/intel_niosv_g_unit_300/synth/niosv_g_fpu.sv"
       attributes="" />
   <file
       path="/nfs/site/disks/swuser_work_mlavany1/project/lz/24.3/github_infra/ww30_b120/niosv_g_simple/ip/pgm_q/pgm_q_intel_niosv_g_0/intel_niosv_g_unit_300/synth/int33_to_fp32.sv"
       attributes="" />
   <file
       path="/nfs/site/disks/swuser_work_mlavany1/project/lz/24.3/github_infra/ww30_b120/niosv_g_simple/ip/pgm_q/pgm_q_intel_niosv_g_0/intel_niosv_g_unit_300/synth/fp32_to_int32.sv"
       attributes="" />
   <file
       path="/nfs/site/disks/swuser_work_mlavany1/project/lz/24.3/github_infra/ww30_b120/niosv_g_simple/ip/pgm_q/pgm_q_intel_niosv_g_0/intel_niosv_g_unit_300/synth/fp32_to_uint32.sv"
       attributes="" />
   <file
       path="/nfs/site/disks/swuser_work_mlavany1/project/lz/24.3/github_infra/ww30_b120/niosv_g_simple/ip/pgm_q/pgm_q_intel_niosv_g_0/intel_niosv_g_unit_300/synth/fp32_alu_cycloneivgx.sv"
       attributes="" />
   <file
       path="/nfs/site/disks/swuser_work_mlavany1/project/lz/24.3/github_infra/ww30_b120/niosv_g_simple/ip/pgm_q/pgm_q_intel_niosv_g_0/intel_niosv_g_unit_300/synth/fp32_mult_cycloneivgx.sv"
       attributes="" />
   <file
       path="/nfs/site/disks/swuser_work_mlavany1/project/lz/24.3/github_infra/ww30_b120/niosv_g_simple/ip/pgm_q/pgm_q_intel_niosv_g_0/intel_niosv_g_unit_300/synth/fp32_div.sv"
       attributes="" />
   <file
       path="/nfs/site/disks/swuser_work_mlavany1/project/lz/24.3/github_infra/ww30_b120/niosv_g_simple/ip/pgm_q/pgm_q_intel_niosv_g_0/intel_niosv_g_unit_300/synth/fp32_sqrt.sv"
       attributes="" />
   <file
       path="/nfs/site/disks/swuser_work_mlavany1/project/lz/24.3/github_infra/ww30_b120/niosv_g_simple/ip/pgm_q/pgm_q_intel_niosv_g_0/intel_niosv_g_unit_300/synth/niosv_g_dspba_library_ver.sv"
       attributes="" />
   <file
       path="/nfs/site/disks/swuser_work_mlavany1/project/lz/24.3/github_infra/ww30_b120/niosv_g_simple/ip/pgm_q/pgm_q_intel_niosv_g_0/intel_niosv_g_unit_300/synth/fp32_sqrt_memoryC0_uid62_sqrtTables_lutmem.hex"
       attributes="" />
   <file
       path="/nfs/site/disks/swuser_work_mlavany1/project/lz/24.3/github_infra/ww30_b120/niosv_g_simple/ip/pgm_q/pgm_q_intel_niosv_g_0/intel_niosv_g_unit_300/synth/fp32_sqrt_memoryC1_uid65_sqrtTables_lutmem.hex"
       attributes="" />
   <file
       path="/nfs/site/disks/swuser_work_mlavany1/project/lz/24.3/github_infra/ww30_b120/niosv_g_simple/ip/pgm_q/pgm_q_intel_niosv_g_0/intel_niosv_g_unit_300/synth/fp32_sqrt_memoryC2_uid68_sqrtTables_lutmem.hex"
       attributes="" />
   <file
       path="/nfs/site/disks/swuser_work_mlavany1/project/lz/24.3/github_infra/ww30_b120/niosv_g_simple/ip/pgm_q/pgm_q_intel_niosv_g_0/intel_niosv_g_unit_300/synth/instr_decoder_pgm_q_intel_niosv_g_0_intel_niosv_g_unit_300_7j6mrei.sv"
       attributes="" />
   <file
       path="/nfs/site/disks/swuser_work_mlavany1/project/lz/24.3/github_infra/ww30_b120/niosv_g_simple/ip/pgm_q/pgm_q_intel_niosv_g_0/intel_niosv_g_unit_300/synth/niosv_g_core_pgm_q_intel_niosv_g_0_intel_niosv_g_unit_300_7j6mrei.sv"
       attributes="" />
   <file
       path="/nfs/site/disks/swuser_work_mlavany1/project/lz/24.3/github_infra/ww30_b120/niosv_g_simple/ip/pgm_q/pgm_q_intel_niosv_g_0/intel_niosv_g_unit_300/synth/pgm_q_intel_niosv_g_0_intel_niosv_g_unit_300_7j6mrei.sv"
       attributes="" />
   <file
       path="/nfs/site/disks/swuser_work_mlavany1/project/lz/24.3/github_infra/ww30_b120/niosv_g_simple/ip/pgm_q/pgm_q_intel_niosv_g_0/intel_niosv_g_unit_300/synth/altera_avalon_sc_fifo.v"
       attributes="" />
  </generatedFiles>
  <childGeneratedFiles>
   <file
       path="/nfs/site/disks/swuser_work_mlavany1/project/lz/24.3/github_infra/ww30_b120/niosv_g_simple/ip/pgm_q/pgm_q_intel_niosv_g_0/intel_niosv_g_unit_300/synth/niosv_opcode_def.sv"
       attributes="" />
   <file
       path="/nfs/site/disks/swuser_work_mlavany1/project/lz/24.3/github_infra/ww30_b120/niosv_g_simple/ip/pgm_q/pgm_q_intel_niosv_g_0/intel_niosv_g_unit_300/synth/niosv_mem_op_state.sv"
       attributes="" />
   <file
       path="/nfs/site/disks/swuser_work_mlavany1/project/lz/24.3/github_infra/ww30_b120/niosv_g_simple/ip/pgm_q/pgm_q_intel_niosv_g_0/intel_niosv_g_unit_300/synth/niosv_ram.sv"
       attributes="" />
   <file
       path="/nfs/site/disks/swuser_work_mlavany1/project/lz/24.3/github_infra/ww30_b120/niosv_g_simple/ip/pgm_q/pgm_q_intel_niosv_g_0/intel_niosv_g_unit_300/synth/niosv_altecc_32enc.v"
       attributes="" />
   <file
       path="/nfs/site/disks/swuser_work_mlavany1/project/lz/24.3/github_infra/ww30_b120/niosv_g_simple/ip/pgm_q/pgm_q_intel_niosv_g_0/intel_niosv_g_unit_300/synth/niosv_altecc_32dec.v"
       attributes="" />
   <file
       path="/nfs/site/disks/swuser_work_mlavany1/project/lz/24.3/github_infra/ww30_b120/niosv_g_simple/ip/pgm_q/pgm_q_intel_niosv_g_0/intel_niosv_g_unit_300/synth/niosv_tcm_ram.sv"
       attributes="" />
   <file
       path="/nfs/site/disks/swuser_work_mlavany1/project/lz/24.3/github_infra/ww30_b120/niosv_g_simple/ip/pgm_q/pgm_q_intel_niosv_g_0/intel_niosv_g_unit_300/synth/niosv_reg_file.sv"
       attributes="" />
   <file
       path="/nfs/site/disks/swuser_work_mlavany1/project/lz/24.3/github_infra/ww30_b120/niosv_g_simple/ip/pgm_q/pgm_q_intel_niosv_g_0/intel_niosv_g_unit_300/synth/niosv_alu.sv"
       attributes="" />
   <file
       path="/nfs/site/disks/swuser_work_mlavany1/project/lz/24.3/github_infra/ww30_b120/niosv_g_simple/ip/pgm_q/pgm_q_intel_niosv_g_0/intel_niosv_g_unit_300/synth/niosv_csr.sv"
       attributes="" />
   <file
       path="/nfs/site/disks/swuser_work_mlavany1/project/lz/24.3/github_infra/ww30_b120/niosv_g_simple/ip/pgm_q/pgm_q_intel_niosv_g_0/intel_niosv_g_unit_300/synth/niosv_interrupt_handler.sv"
       attributes="" />
   <file
       path="/nfs/site/disks/swuser_work_mlavany1/project/lz/24.3/github_infra/ww30_b120/niosv_g_simple/ip/pgm_q/pgm_q_intel_niosv_g_0/intel_niosv_g_unit_300/synth/niosv_multiplier.sv"
       attributes="" />
   <file
       path="/nfs/site/disks/swuser_work_mlavany1/project/lz/24.3/github_infra/ww30_b120/niosv_g_simple/ip/pgm_q/pgm_q_intel_niosv_g_0/intel_niosv_g_unit_300/synth/niosv_divider.sv"
       attributes="" />
   <file
       path="/nfs/site/disks/swuser_work_mlavany1/project/lz/24.3/github_infra/ww30_b120/niosv_g_simple/ip/pgm_q/pgm_q_intel_niosv_g_0/intel_niosv_g_unit_300/synth/niosv_instr_buffer.sv"
       attributes="" />
   <file
       path="/nfs/site/disks/swuser_work_mlavany1/project/lz/24.3/github_infra/ww30_b120/niosv_g_simple/ip/pgm_q/pgm_q_intel_niosv_g_0/intel_niosv_g_unit_300/synth/niosv_victim_buffer.sv"
       attributes="" />
   <file
       path="/nfs/site/disks/swuser_work_mlavany1/project/lz/24.3/github_infra/ww30_b120/niosv_g_simple/ip/pgm_q/pgm_q_intel_niosv_g_0/intel_niosv_g_unit_300/synth/niosv_frsmart_comp_def.sv"
       attributes="" />
   <file
       path="/nfs/site/disks/swuser_work_mlavany1/project/lz/24.3/github_infra/ww30_b120/niosv_g_simple/ip/pgm_q/pgm_q_intel_niosv_g_0/intel_niosv_g_unit_300/synth/niosv_ahbdecmx.sv"
       attributes="" />
   <file
       path="/nfs/site/disks/swuser_work_mlavany1/project/lz/24.3/github_infra/ww30_b120/niosv_g_simple/ip/pgm_q/pgm_q_intel_niosv_g_0/intel_niosv_g_unit_300/synth/niosv_avmm2ahb.sv"
       attributes="" />
   <file
       path="/nfs/site/disks/swuser_work_mlavany1/project/lz/24.3/github_infra/ww30_b120/niosv_g_simple/ip/pgm_q/pgm_q_intel_niosv_g_0/intel_niosv_g_unit_300/synth/niosv_ccfdetstub.sv"
       attributes="" />
   <file
       path="/nfs/site/disks/swuser_work_mlavany1/project/lz/24.3/github_infra/ww30_b120/niosv_g_simple/ip/pgm_q/pgm_q_intel_niosv_g_0/intel_niosv_g_unit_300/synth/niosv_dclsm_cmp_serial.sv"
       attributes="" />
   <file
       path="/nfs/site/disks/swuser_work_mlavany1/project/lz/24.3/github_infra/ww30_b120/niosv_g_simple/ip/pgm_q/pgm_q_intel_niosv_g_0/intel_niosv_g_unit_300/synth/niosv_dclsm_cmp.sv"
       attributes="" />
   <file
       path="/nfs/site/disks/swuser_work_mlavany1/project/lz/24.3/github_infra/ww30_b120/niosv_g_simple/ip/pgm_q/pgm_q_intel_niosv_g_0/intel_niosv_g_unit_300/synth/niosv_dclsm_cmp0.sv"
       attributes="" />
   <file
       path="/nfs/site/disks/swuser_work_mlavany1/project/lz/24.3/github_infra/ww30_b120/niosv_g_simple/ip/pgm_q/pgm_q_intel_niosv_g_0/intel_niosv_g_unit_300/synth/niosv_dclsm_cmp1.sv"
       attributes="" />
   <file
       path="/nfs/site/disks/swuser_work_mlavany1/project/lz/24.3/github_infra/ww30_b120/niosv_g_simple/ip/pgm_q/pgm_q_intel_niosv_g_0/intel_niosv_g_unit_300/synth/niosv_dclsm_cpu_ioroute.sv"
       attributes="" />
   <file
       path="/nfs/site/disks/swuser_work_mlavany1/project/lz/24.3/github_infra/ww30_b120/niosv_g_simple/ip/pgm_q/pgm_q_intel_niosv_g_0/intel_niosv_g_unit_300/synth/niosv_dclsm_ctrl.sv"
       attributes="" />
   <file
       path="/nfs/site/disks/swuser_work_mlavany1/project/lz/24.3/github_infra/ww30_b120/niosv_g_simple/ip/pgm_q/pgm_q_intel_niosv_g_0/intel_niosv_g_unit_300/synth/niosv_dclsm_dec_bfi.sv"
       attributes="" />
   <file
       path="/nfs/site/disks/swuser_work_mlavany1/project/lz/24.3/github_infra/ww30_b120/niosv_g_simple/ip/pgm_q/pgm_q_intel_niosv_g_0/intel_niosv_g_unit_300/synth/niosv_dclsm_dec.sv"
       attributes="" />
   <file
       path="/nfs/site/disks/swuser_work_mlavany1/project/lz/24.3/github_infra/ww30_b120/niosv_g_simple/ip/pgm_q/pgm_q_intel_niosv_g_0/intel_niosv_g_unit_300/synth/niosv_dclsm.sv"
       attributes="" />
   <file
       path="/nfs/site/disks/swuser_work_mlavany1/project/lz/24.3/github_infra/ww30_b120/niosv_g_simple/ip/pgm_q/pgm_q_intel_niosv_g_0/intel_niosv_g_unit_300/synth/niosv_defslave.sv"
       attributes="" />
   <file
       path="/nfs/site/disks/swuser_work_mlavany1/project/lz/24.3/github_infra/ww30_b120/niosv_g_simple/ip/pgm_q/pgm_q_intel_niosv_g_0/intel_niosv_g_unit_300/synth/niosv_errctrl_ahbsi.sv"
       attributes="" />
   <file
       path="/nfs/site/disks/swuser_work_mlavany1/project/lz/24.3/github_infra/ww30_b120/niosv_g_simple/ip/pgm_q/pgm_q_intel_niosv_g_0/intel_niosv_g_unit_300/synth/niosv_errctrl_am_oknok0.sv"
       attributes="" />
   <file
       path="/nfs/site/disks/swuser_work_mlavany1/project/lz/24.3/github_infra/ww30_b120/niosv_g_simple/ip/pgm_q/pgm_q_intel_niosv_g_0/intel_niosv_g_unit_300/synth/niosv_errctrl_am_oknok1.sv"
       attributes="" />
   <file
       path="/nfs/site/disks/swuser_work_mlavany1/project/lz/24.3/github_infra/ww30_b120/niosv_g_simple/ip/pgm_q/pgm_q_intel_niosv_g_0/intel_niosv_g_unit_300/synth/niosv_errctrl_am.sv"
       attributes="" />
   <file
       path="/nfs/site/disks/swuser_work_mlavany1/project/lz/24.3/github_infra/ww30_b120/niosv_g_simple/ip/pgm_q/pgm_q_intel_niosv_g_0/intel_niosv_g_unit_300/synth/niosv_errctrl_cu.sv"
       attributes="" />
   <file
       path="/nfs/site/disks/swuser_work_mlavany1/project/lz/24.3/github_infra/ww30_b120/niosv_g_simple/ip/pgm_q/pgm_q_intel_niosv_g_0/intel_niosv_g_unit_300/synth/niosv_errctrl_sm.sv"
       attributes="" />
   <file
       path="/nfs/site/disks/swuser_work_mlavany1/project/lz/24.3/github_infra/ww30_b120/niosv_g_simple/ip/pgm_q/pgm_q_intel_niosv_g_0/intel_niosv_g_unit_300/synth/niosv_errctrl_tcu.sv"
       attributes="" />
   <file
       path="/nfs/site/disks/swuser_work_mlavany1/project/lz/24.3/github_infra/ww30_b120/niosv_g_simple/ip/pgm_q/pgm_q_intel_niosv_g_0/intel_niosv_g_unit_300/synth/niosv_errctrl.sv"
       attributes="" />
   <file
       path="/nfs/site/disks/swuser_work_mlavany1/project/lz/24.3/github_infra/ww30_b120/niosv_g_simple/ip/pgm_q/pgm_q_intel_niosv_g_0/intel_niosv_g_unit_300/synth/niosv_frsmartcomp.sv"
       attributes="" />
   <file
       path="/nfs/site/disks/swuser_work_mlavany1/project/lz/24.3/github_infra/ww30_b120/niosv_g_simple/ip/pgm_q/pgm_q_intel_niosv_g_0/intel_niosv_g_unit_300/synth/niosv_g_fetch.sv"
       attributes="" />
   <file
       path="/nfs/site/disks/swuser_work_mlavany1/project/lz/24.3/github_infra/ww30_b120/niosv_g_simple/ip/pgm_q/pgm_q_intel_niosv_g_0/intel_niosv_g_unit_300/synth/niosv_g_dcache.sv"
       attributes="" />
   <file
       path="/nfs/site/disks/swuser_work_mlavany1/project/lz/24.3/github_infra/ww30_b120/niosv_g_simple/ip/pgm_q/pgm_q_intel_niosv_g_0/intel_niosv_g_unit_300/synth/niosv_g_instr_cache.sv"
       attributes="" />
   <file
       path="/nfs/site/disks/swuser_work_mlavany1/project/lz/24.3/github_infra/ww30_b120/niosv_g_simple/ip/pgm_q/pgm_q_intel_niosv_g_0/intel_niosv_g_unit_300/synth/niosv_g_branch_predictor.sv"
       attributes="" />
   <file
       path="/nfs/site/disks/swuser_work_mlavany1/project/lz/24.3/github_infra/ww30_b120/niosv_g_simple/ip/pgm_q/pgm_q_intel_niosv_g_0/intel_niosv_g_unit_300/synth/niosv_g_new_pc.sv"
       attributes="" />
   <file
       path="/nfs/site/disks/swuser_work_mlavany1/project/lz/24.3/github_infra/ww30_b120/niosv_g_simple/ip/pgm_q/pgm_q_intel_niosv_g_0/intel_niosv_g_unit_300/synth/niosv_g_fp_def.sv"
       attributes="" />
   <file
       path="/nfs/site/disks/swuser_work_mlavany1/project/lz/24.3/github_infra/ww30_b120/niosv_g_simple/ip/pgm_q/pgm_q_intel_niosv_g_0/intel_niosv_g_unit_300/synth/niosv_g_fpu.sv"
       attributes="" />
   <file
       path="/nfs/site/disks/swuser_work_mlavany1/project/lz/24.3/github_infra/ww30_b120/niosv_g_simple/ip/pgm_q/pgm_q_intel_niosv_g_0/intel_niosv_g_unit_300/synth/int33_to_fp32.sv"
       attributes="" />
   <file
       path="/nfs/site/disks/swuser_work_mlavany1/project/lz/24.3/github_infra/ww30_b120/niosv_g_simple/ip/pgm_q/pgm_q_intel_niosv_g_0/intel_niosv_g_unit_300/synth/fp32_to_int32.sv"
       attributes="" />
   <file
       path="/nfs/site/disks/swuser_work_mlavany1/project/lz/24.3/github_infra/ww30_b120/niosv_g_simple/ip/pgm_q/pgm_q_intel_niosv_g_0/intel_niosv_g_unit_300/synth/fp32_to_uint32.sv"
       attributes="" />
   <file
       path="/nfs/site/disks/swuser_work_mlavany1/project/lz/24.3/github_infra/ww30_b120/niosv_g_simple/ip/pgm_q/pgm_q_intel_niosv_g_0/intel_niosv_g_unit_300/synth/fp32_alu_cycloneivgx.sv"
       attributes="" />
   <file
       path="/nfs/site/disks/swuser_work_mlavany1/project/lz/24.3/github_infra/ww30_b120/niosv_g_simple/ip/pgm_q/pgm_q_intel_niosv_g_0/intel_niosv_g_unit_300/synth/fp32_mult_cycloneivgx.sv"
       attributes="" />
   <file
       path="/nfs/site/disks/swuser_work_mlavany1/project/lz/24.3/github_infra/ww30_b120/niosv_g_simple/ip/pgm_q/pgm_q_intel_niosv_g_0/intel_niosv_g_unit_300/synth/fp32_div.sv"
       attributes="" />
   <file
       path="/nfs/site/disks/swuser_work_mlavany1/project/lz/24.3/github_infra/ww30_b120/niosv_g_simple/ip/pgm_q/pgm_q_intel_niosv_g_0/intel_niosv_g_unit_300/synth/fp32_sqrt.sv"
       attributes="" />
   <file
       path="/nfs/site/disks/swuser_work_mlavany1/project/lz/24.3/github_infra/ww30_b120/niosv_g_simple/ip/pgm_q/pgm_q_intel_niosv_g_0/intel_niosv_g_unit_300/synth/niosv_g_dspba_library_ver.sv"
       attributes="" />
   <file
       path="/nfs/site/disks/swuser_work_mlavany1/project/lz/24.3/github_infra/ww30_b120/niosv_g_simple/ip/pgm_q/pgm_q_intel_niosv_g_0/intel_niosv_g_unit_300/synth/fp32_sqrt_memoryC0_uid62_sqrtTables_lutmem.hex"
       attributes="" />
   <file
       path="/nfs/site/disks/swuser_work_mlavany1/project/lz/24.3/github_infra/ww30_b120/niosv_g_simple/ip/pgm_q/pgm_q_intel_niosv_g_0/intel_niosv_g_unit_300/synth/fp32_sqrt_memoryC1_uid65_sqrtTables_lutmem.hex"
       attributes="" />
   <file
       path="/nfs/site/disks/swuser_work_mlavany1/project/lz/24.3/github_infra/ww30_b120/niosv_g_simple/ip/pgm_q/pgm_q_intel_niosv_g_0/intel_niosv_g_unit_300/synth/fp32_sqrt_memoryC2_uid68_sqrtTables_lutmem.hex"
       attributes="" />
   <file
       path="/nfs/site/disks/swuser_work_mlavany1/project/lz/24.3/github_infra/ww30_b120/niosv_g_simple/ip/pgm_q/pgm_q_intel_niosv_g_0/intel_niosv_g_unit_300/synth/instr_decoder_pgm_q_intel_niosv_g_0_intel_niosv_g_unit_300_7j6mrei.sv"
       attributes="" />
   <file
       path="/nfs/site/disks/swuser_work_mlavany1/project/lz/24.3/github_infra/ww30_b120/niosv_g_simple/ip/pgm_q/pgm_q_intel_niosv_g_0/intel_niosv_g_unit_300/synth/niosv_g_core_pgm_q_intel_niosv_g_0_intel_niosv_g_unit_300_7j6mrei.sv"
       attributes="" />
   <file
       path="/nfs/site/disks/swuser_work_mlavany1/project/lz/24.3/github_infra/ww30_b120/niosv_g_simple/ip/pgm_q/pgm_q_intel_niosv_g_0/intel_niosv_g_unit_300/synth/pgm_q_intel_niosv_g_0_intel_niosv_g_unit_300_7j6mrei.sv"
       attributes="" />
   <file
       path="/nfs/site/disks/swuser_work_mlavany1/project/lz/24.3/github_infra/ww30_b120/niosv_g_simple/ip/pgm_q/pgm_q_intel_niosv_g_0/intel_niosv_g_unit_300/synth/altera_avalon_sc_fifo.v"
       attributes="" />
  </childGeneratedFiles>
  <sourceFiles>
   <file
       path="/p/psg/swip/releases6/acdskit/24.3/120/linux64/ip/altera/soft_processor/intel_niosv_g/intel_niosv_g_unit_hw.tcl" />
  </sourceFiles>
  <childSourceFiles>
   <file
       path="/p/psg/swip/releases6/acdskit/24.3/120/linux64/ip/altera/merlin/altera_reset_controller/altera_reset_controller_hw.tcl" />
  </childSourceFiles>
  <instantiator
     instantiator="pgm_q_intel_niosv_g_0_intel_niosv_g_300_3sfzxey"
     as="hart" />
  <messages>
   <message level="Info" culprit="pgm_q_intel_niosv_g_0">"Generating: pgm_q_intel_niosv_g_0_intel_niosv_g_unit_300_7j6mrei"</message>
   <message level="Info" culprit="niosv_reset_controller">"Generating: niosv_reset_controller"</message>
   <message level="Info" culprit="pgm_q_intel_niosv_g_0">"Generating: niosv_reset_controller"</message>
   <message level="Info" culprit="pgm_q_intel_niosv_g_0">"Generating: altera_reset_controller"</message>
  </messages>
 </entity>
 <entity kind="intel_niosv_timer_msip" version="1.2.0" name="niosv_timer_msip">
  <parameter name="HARTID" value="0" />
  <parameter name="ADDR_WIDTH" value="6" />
  <parameter name="IRQ_EN" value="1" />
  <parameter name="NIOS_VARIANT" value="g" />
  <generatedFiles>
   <file
       path="/nfs/site/disks/swuser_work_mlavany1/project/lz/24.3/github_infra/ww30_b120/niosv_g_simple/ip/pgm_q/pgm_q_intel_niosv_g_0/intel_niosv_timer_msip_120/synth/niosv_timer_msip.sv"
       attributes="" />
  </generatedFiles>
  <childGeneratedFiles>
   <file
       path="/nfs/site/disks/swuser_work_mlavany1/project/lz/24.3/github_infra/ww30_b120/niosv_g_simple/ip/pgm_q/pgm_q_intel_niosv_g_0/intel_niosv_timer_msip_120/synth/niosv_timer_msip.sv"
       attributes="" />
  </childGeneratedFiles>
  <sourceFiles>
   <file
       path="/p/psg/swip/releases6/acdskit/24.3/120/linux64/ip/altera/soft_processor/intel_niosv_common/intel_niosv_timer_msip_hw.tcl" />
  </sourceFiles>
  <childSourceFiles/>
  <instantiator
     instantiator="pgm_q_intel_niosv_g_0_intel_niosv_g_300_3sfzxey"
     as="timer_module" />
  <messages>
   <message level="Info" culprit="pgm_q_intel_niosv_g_0">"Generating: niosv_timer_msip"</message>
  </messages>
 </entity>
 <entity kind="intel_niosv_dbg_mod" version="2.1.0" name="niosv_dm_top">
  <parameter name="DEVICE_FAMILY" value="Agilex 7" />
  <parameter name="DEBUG_RESET_EN" value="0" />
  <parameter name="NIOS_VARIANT" value="g" />
  <parameter name="FPU_EN" value="0" />
  <generatedFiles>
   <file
       path="/nfs/site/disks/swuser_work_mlavany1/project/lz/24.3/github_infra/ww30_b120/niosv_g_simple/ip/pgm_q/pgm_q_intel_niosv_g_0/intel_niosv_dbg_mod_210/synth/csr_mlab.mif"
       attributes="" />
   <file
       path="/nfs/site/disks/swuser_work_mlavany1/project/lz/24.3/github_infra/ww30_b120/niosv_g_simple/ip/pgm_q/pgm_q_intel_niosv_g_0/intel_niosv_dbg_mod_210/synth/debug_rom.mif"
       attributes="" />
   <file
       path="/nfs/site/disks/swuser_work_mlavany1/project/lz/24.3/github_infra/ww30_b120/niosv_g_simple/ip/pgm_q/pgm_q_intel_niosv_g_0/intel_niosv_dbg_mod_210/synth/niosv_dm_def.sv"
       attributes="" />
   <file
       path="/nfs/site/disks/swuser_work_mlavany1/project/lz/24.3/github_infra/ww30_b120/niosv_g_simple/ip/pgm_q/pgm_q_intel_niosv_g_0/intel_niosv_dbg_mod_210/synth/niosv_ram.sv"
       attributes="" />
   <file
       path="/nfs/site/disks/swuser_work_mlavany1/project/lz/24.3/github_infra/ww30_b120/niosv_g_simple/ip/pgm_q/pgm_q_intel_niosv_g_0/intel_niosv_dbg_mod_210/synth/niosv_dm_jtag2mm.sv"
       attributes="" />
   <file
       path="/nfs/site/disks/swuser_work_mlavany1/project/lz/24.3/github_infra/ww30_b120/niosv_g_simple/ip/pgm_q/pgm_q_intel_niosv_g_0/intel_niosv_dbg_mod_210/synth/niosv_dm_top.sv"
       attributes="" />
   <file
       path="/nfs/site/disks/swuser_work_mlavany1/project/lz/24.3/github_infra/ww30_b120/niosv_g_simple/ip/pgm_q/pgm_q_intel_niosv_g_0/intel_niosv_dbg_mod_210/synth/niosv_debug_module.sv"
       attributes="" />
   <file
       path="/nfs/site/disks/swuser_work_mlavany1/project/lz/24.3/github_infra/ww30_b120/niosv_g_simple/ip/pgm_q/pgm_q_intel_niosv_g_0/intel_niosv_dbg_mod_210/synth/altera_std_synchronizer_bundle.v"
       attributes="" />
   <file
       path="/nfs/site/disks/swuser_work_mlavany1/project/lz/24.3/github_infra/ww30_b120/niosv_g_simple/ip/pgm_q/pgm_q_intel_niosv_g_0/intel_niosv_dbg_mod_210/synth/altera_std_synchronizer_nocut.v"
       attributes="" />
   <file
       path="/nfs/site/disks/swuser_work_mlavany1/project/lz/24.3/github_infra/ww30_b120/niosv_g_simple/ip/pgm_q/pgm_q_intel_niosv_g_0/intel_niosv_dbg_mod_210/synth/altera_std_synchronizer.v"
       attributes="" />
   <file
       path="/nfs/site/disks/swuser_work_mlavany1/project/lz/24.3/github_infra/ww30_b120/niosv_g_simple/ip/pgm_q/pgm_q_intel_niosv_g_0/intel_niosv_dbg_mod_210/synth/altera_avalon_st_clock_crosser.v"
       attributes="" />
   <file
       path="/nfs/site/disks/swuser_work_mlavany1/project/lz/24.3/github_infra/ww30_b120/niosv_g_simple/ip/pgm_q/pgm_q_intel_niosv_g_0/intel_niosv_dbg_mod_210/synth/altera_avalon_st_handshake_clock_crosser.v"
       attributes="" />
   <file
       path="/nfs/site/disks/swuser_work_mlavany1/project/lz/24.3/github_infra/ww30_b120/niosv_g_simple/ip/pgm_q/pgm_q_intel_niosv_g_0/intel_niosv_dbg_mod_210/synth/altera_avalon_st_pipeline_base.v"
       attributes="" />
   <file
       path="/nfs/site/disks/swuser_work_mlavany1/project/lz/24.3/github_infra/ww30_b120/niosv_g_simple/ip/pgm_q/pgm_q_intel_niosv_g_0/intel_niosv_dbg_mod_210/synth/altera_avalon_st_pipeline_stage.sv"
       attributes="" />
   <file
       path="/nfs/site/disks/swuser_work_mlavany1/project/lz/24.3/github_infra/ww30_b120/niosv_g_simple/ip/pgm_q/pgm_q_intel_niosv_g_0/intel_niosv_dbg_mod_210/synth/altera_avalon_st_handshake_clock_crosser.sdc"
       attributes="NO_AUTO_INSTANCE_DISCOVERY NO_SDC_PROMOTION" />
   <file
       path="/nfs/site/disks/swuser_work_mlavany1/project/lz/24.3/github_infra/ww30_b120/niosv_g_simple/ip/pgm_q/pgm_q_intel_niosv_g_0/intel_niosv_dbg_mod_210/synth/altera_reset_synchronizer.v"
       attributes="" />
   <file
       path="/nfs/site/disks/swuser_work_mlavany1/project/lz/24.3/github_infra/ww30_b120/niosv_g_simple/ip/pgm_q/pgm_q_intel_niosv_g_0/intel_niosv_dbg_mod_210/synth/altera_reset_controller.v"
       attributes="" />
   <file
       path="/nfs/site/disks/swuser_work_mlavany1/project/lz/24.3/github_infra/ww30_b120/niosv_g_simple/ip/pgm_q/pgm_q_intel_niosv_g_0/intel_niosv_dbg_mod_210/synth/altera_reset_controller.sdc"
       attributes="NO_AUTO_INSTANCE_DISCOVERY NO_SDC_PROMOTION" />
  </generatedFiles>
  <childGeneratedFiles>
   <file
       path="/nfs/site/disks/swuser_work_mlavany1/project/lz/24.3/github_infra/ww30_b120/niosv_g_simple/ip/pgm_q/pgm_q_intel_niosv_g_0/intel_niosv_dbg_mod_210/synth/csr_mlab.mif"
       attributes="" />
   <file
       path="/nfs/site/disks/swuser_work_mlavany1/project/lz/24.3/github_infra/ww30_b120/niosv_g_simple/ip/pgm_q/pgm_q_intel_niosv_g_0/intel_niosv_dbg_mod_210/synth/debug_rom.mif"
       attributes="" />
   <file
       path="/nfs/site/disks/swuser_work_mlavany1/project/lz/24.3/github_infra/ww30_b120/niosv_g_simple/ip/pgm_q/pgm_q_intel_niosv_g_0/intel_niosv_dbg_mod_210/synth/niosv_dm_def.sv"
       attributes="" />
   <file
       path="/nfs/site/disks/swuser_work_mlavany1/project/lz/24.3/github_infra/ww30_b120/niosv_g_simple/ip/pgm_q/pgm_q_intel_niosv_g_0/intel_niosv_dbg_mod_210/synth/niosv_ram.sv"
       attributes="" />
   <file
       path="/nfs/site/disks/swuser_work_mlavany1/project/lz/24.3/github_infra/ww30_b120/niosv_g_simple/ip/pgm_q/pgm_q_intel_niosv_g_0/intel_niosv_dbg_mod_210/synth/niosv_dm_jtag2mm.sv"
       attributes="" />
   <file
       path="/nfs/site/disks/swuser_work_mlavany1/project/lz/24.3/github_infra/ww30_b120/niosv_g_simple/ip/pgm_q/pgm_q_intel_niosv_g_0/intel_niosv_dbg_mod_210/synth/niosv_dm_top.sv"
       attributes="" />
   <file
       path="/nfs/site/disks/swuser_work_mlavany1/project/lz/24.3/github_infra/ww30_b120/niosv_g_simple/ip/pgm_q/pgm_q_intel_niosv_g_0/intel_niosv_dbg_mod_210/synth/niosv_debug_module.sv"
       attributes="" />
   <file
       path="/nfs/site/disks/swuser_work_mlavany1/project/lz/24.3/github_infra/ww30_b120/niosv_g_simple/ip/pgm_q/pgm_q_intel_niosv_g_0/intel_niosv_dbg_mod_210/synth/altera_std_synchronizer_bundle.v"
       attributes="" />
   <file
       path="/nfs/site/disks/swuser_work_mlavany1/project/lz/24.3/github_infra/ww30_b120/niosv_g_simple/ip/pgm_q/pgm_q_intel_niosv_g_0/intel_niosv_dbg_mod_210/synth/altera_std_synchronizer_nocut.v"
       attributes="" />
   <file
       path="/nfs/site/disks/swuser_work_mlavany1/project/lz/24.3/github_infra/ww30_b120/niosv_g_simple/ip/pgm_q/pgm_q_intel_niosv_g_0/intel_niosv_dbg_mod_210/synth/altera_std_synchronizer.v"
       attributes="" />
   <file
       path="/nfs/site/disks/swuser_work_mlavany1/project/lz/24.3/github_infra/ww30_b120/niosv_g_simple/ip/pgm_q/pgm_q_intel_niosv_g_0/intel_niosv_dbg_mod_210/synth/altera_avalon_st_clock_crosser.v"
       attributes="" />
   <file
       path="/nfs/site/disks/swuser_work_mlavany1/project/lz/24.3/github_infra/ww30_b120/niosv_g_simple/ip/pgm_q/pgm_q_intel_niosv_g_0/intel_niosv_dbg_mod_210/synth/altera_avalon_st_handshake_clock_crosser.v"
       attributes="" />
   <file
       path="/nfs/site/disks/swuser_work_mlavany1/project/lz/24.3/github_infra/ww30_b120/niosv_g_simple/ip/pgm_q/pgm_q_intel_niosv_g_0/intel_niosv_dbg_mod_210/synth/altera_avalon_st_pipeline_base.v"
       attributes="" />
   <file
       path="/nfs/site/disks/swuser_work_mlavany1/project/lz/24.3/github_infra/ww30_b120/niosv_g_simple/ip/pgm_q/pgm_q_intel_niosv_g_0/intel_niosv_dbg_mod_210/synth/altera_avalon_st_pipeline_stage.sv"
       attributes="" />
   <file
       path="/nfs/site/disks/swuser_work_mlavany1/project/lz/24.3/github_infra/ww30_b120/niosv_g_simple/ip/pgm_q/pgm_q_intel_niosv_g_0/intel_niosv_dbg_mod_210/synth/altera_avalon_st_handshake_clock_crosser.sdc"
       attributes="NO_AUTO_INSTANCE_DISCOVERY NO_SDC_PROMOTION" />
   <file
       path="/nfs/site/disks/swuser_work_mlavany1/project/lz/24.3/github_infra/ww30_b120/niosv_g_simple/ip/pgm_q/pgm_q_intel_niosv_g_0/intel_niosv_dbg_mod_210/synth/altera_reset_synchronizer.v"
       attributes="" />
   <file
       path="/nfs/site/disks/swuser_work_mlavany1/project/lz/24.3/github_infra/ww30_b120/niosv_g_simple/ip/pgm_q/pgm_q_intel_niosv_g_0/intel_niosv_dbg_mod_210/synth/altera_reset_controller.v"
       attributes="" />
   <file
       path="/nfs/site/disks/swuser_work_mlavany1/project/lz/24.3/github_infra/ww30_b120/niosv_g_simple/ip/pgm_q/pgm_q_intel_niosv_g_0/intel_niosv_dbg_mod_210/synth/altera_reset_controller.sdc"
       attributes="NO_AUTO_INSTANCE_DISCOVERY NO_SDC_PROMOTION" />
  </childGeneratedFiles>
  <sourceFiles>
   <file
       path="/p/psg/swip/releases6/acdskit/24.3/120/linux64/ip/altera/soft_processor/intel_niosv_common/intel_niosv_dbg_mod_hw.tcl" />
  </sourceFiles>
  <childSourceFiles/>
  <instantiator
     instantiator="pgm_q_intel_niosv_g_0_intel_niosv_g_300_3sfzxey"
     as="dbg_mod" />
  <messages>
   <message level="Info" culprit="pgm_q_intel_niosv_g_0">"Generating: niosv_dm_top"</message>
  </messages>
 </entity>
 <entity
   kind="altera_irq_mapper"
   version="20.0.1"
   name="pgm_q_intel_niosv_g_0_altera_irq_mapper_2001_wgtbcyy">
  <parameter name="NUM_RCVRS" value="1" />
  <parameter name="REMOVE_CLK_RST" value="0" />
  <parameter name="IRQ_MAP" value="0:0" />
  <parameter name="AUTO_DEVICE_FAMILY" value="Agilex 7" />
  <parameter name="SYNC_RESET" value="0" />
  <parameter name="SENDER_IRQ_WIDTH" value="1" />
  <generatedFiles>
   <file
       path="/nfs/site/disks/swuser_work_mlavany1/project/lz/24.3/github_infra/ww30_b120/niosv_g_simple/ip/pgm_q/pgm_q_intel_niosv_g_0/altera_irq_mapper_2001/synth/pgm_q_intel_niosv_g_0_altera_irq_mapper_2001_wgtbcyy.sv"
       attributes="" />
  </generatedFiles>
  <childGeneratedFiles>
   <file
       path="/nfs/site/disks/swuser_work_mlavany1/project/lz/24.3/github_infra/ww30_b120/niosv_g_simple/ip/pgm_q/pgm_q_intel_niosv_g_0/altera_irq_mapper_2001/synth/pgm_q_intel_niosv_g_0_altera_irq_mapper_2001_wgtbcyy.sv"
       attributes="" />
  </childGeneratedFiles>
  <sourceFiles>
   <file
       path="/p/psg/swip/releases6/acdskit/24.3/120/linux64/ip/altera/merlin/altera_irq_mapper/altera_irq_mapper_hw.tcl" />
  </sourceFiles>
  <childSourceFiles/>
  <instantiator
     instantiator="pgm_q_intel_niosv_g_0_intel_niosv_g_300_3sfzxey"
     as="irq_mapper,irq_mapper_001,irq_mapper_002" />
  <messages>
   <message level="Info" culprit="pgm_q_intel_niosv_g_0">"Generating: pgm_q_intel_niosv_g_0_altera_irq_mapper_2001_wgtbcyy"</message>
  </messages>
 </entity>
 <entity
   kind="intel_niosv_g_unit_altera_reset_controller"
   version="3.0.0"
   name="niosv_reset_controller">
  <generatedFiles>
   <file
       path="/nfs/site/disks/swuser_work_mlavany1/project/lz/24.3/github_infra/ww30_b120/niosv_g_simple/ip/pgm_q/pgm_q_intel_niosv_g_0/intel_niosv_g_unit_300/synth/niosv_reset_controller.v"
       attributes="CONTAINS_INLINE_CONFIGURATION" />
  </generatedFiles>
  <childGeneratedFiles>
   <file
       path="/nfs/site/disks/swuser_work_mlavany1/project/lz/24.3/github_infra/ww30_b120/niosv_g_simple/ip/pgm_q/pgm_q_intel_niosv_g_0/intel_niosv_g_unit_300/synth/niosv_reset_controller.v"
       attributes="CONTAINS_INLINE_CONFIGURATION" />
  </childGeneratedFiles>
  <sourceFiles/>
  <childSourceFiles>
   <file
       path="/p/psg/swip/releases6/acdskit/24.3/120/linux64/ip/altera/merlin/altera_reset_controller/altera_reset_controller_hw.tcl" />
  </childSourceFiles>
  <instantiator
     instantiator="pgm_q_intel_niosv_g_0_intel_niosv_g_unit_300_7j6mrei"
     as="niosv_reset_controller" />
  <messages>
   <message level="Info" culprit="pgm_q_intel_niosv_g_0">"Generating: niosv_reset_controller"</message>
   <message level="Info" culprit="pgm_q_intel_niosv_g_0">"Generating: altera_reset_controller"</message>
  </messages>
 </entity>
 <entity
   kind="altera_reset_controller"
   version="19.2.4"
   name="altera_reset_controller">
  <generatedFiles>
   <file
       path="/nfs/site/disks/swuser_work_mlavany1/project/lz/24.3/github_infra/ww30_b120/niosv_g_simple/ip/pgm_q/pgm_q_intel_niosv_g_0/altera_reset_controller_1924/synth/altera_reset_controller.v"
       attributes="" />
   <file
       path="/nfs/site/disks/swuser_work_mlavany1/project/lz/24.3/github_infra/ww30_b120/niosv_g_simple/ip/pgm_q/pgm_q_intel_niosv_g_0/altera_reset_controller_1924/synth/altera_reset_synchronizer.v"
       attributes="" />
   <file
       path="/nfs/site/disks/swuser_work_mlavany1/project/lz/24.3/github_infra/ww30_b120/niosv_g_simple/ip/pgm_q/pgm_q_intel_niosv_g_0/altera_reset_controller_1924/synth/altera_reset_controller.sdc"
       attributes="NO_SDC_PROMOTION" />
  </generatedFiles>
  <childGeneratedFiles>
   <file
       path="/nfs/site/disks/swuser_work_mlavany1/project/lz/24.3/github_infra/ww30_b120/niosv_g_simple/ip/pgm_q/pgm_q_intel_niosv_g_0/altera_reset_controller_1924/synth/altera_reset_controller.v"
       attributes="" />
   <file
       path="/nfs/site/disks/swuser_work_mlavany1/project/lz/24.3/github_infra/ww30_b120/niosv_g_simple/ip/pgm_q/pgm_q_intel_niosv_g_0/altera_reset_controller_1924/synth/altera_reset_synchronizer.v"
       attributes="" />
   <file
       path="/nfs/site/disks/swuser_work_mlavany1/project/lz/24.3/github_infra/ww30_b120/niosv_g_simple/ip/pgm_q/pgm_q_intel_niosv_g_0/altera_reset_controller_1924/synth/altera_reset_controller.sdc"
       attributes="NO_SDC_PROMOTION" />
  </childGeneratedFiles>
  <sourceFiles>
   <file
       path="/p/psg/swip/releases6/acdskit/24.3/120/linux64/ip/altera/merlin/altera_reset_controller/altera_reset_controller_hw.tcl" />
  </sourceFiles>
  <childSourceFiles/>
  <instantiator instantiator="niosv_reset_controller" as="niosv_reset_controller" />
  <messages>
   <message level="Info" culprit="pgm_q_intel_niosv_g_0">"Generating: altera_reset_controller"</message>
  </messages>
 </entity>
</deploy>
