<?xml version="1.0" encoding="UTF-8"?>
<deploy
 date="2024.07.22.01:30:22"
 outputDirectory="/nfs/site/disks/swuser_work_mlavany1/project/lz/24.3/github_infra/ww30_b120/niosv_g_simple/ip/pgm_q/pgm_q_clock_in/">
 <perimeter>
  <parameter
     name="AUTO_GENERATION_ID"
     type="Integer"
     defaultValue="0"
     onHdl="0"
     affectsHdl="1" />
  <parameter
     name="AUTO_UNIQUE_ID"
     type="String"
     defaultValue=""
     onHdl="0"
     affectsHdl="1" />
  <parameter
     name="AUTO_DEVICE_FAMILY"
     type="String"
     defaultValue="Agilex 7"
     onHdl="0"
     affectsHdl="1" />
  <parameter
     name="AUTO_DEVICE"
     type="String"
     defaultValue="AGFB014R24B2E2V"
     onHdl="0"
     affectsHdl="1" />
  <parameter
     name="AUTO_DEVICE_SPEEDGRADE"
     type="String"
     defaultValue="2"
     onHdl="0"
     affectsHdl="1" />
  <parameter
     name="AUTO_BOARD"
     type="String"
     defaultValue="default"
     onHdl="0"
     affectsHdl="1" />
  <parameter
     name="AUTO_IN_CLK_CLOCK_RATE"
     type="Long"
     defaultValue="-1"
     onHdl="0"
     affectsHdl="1" />
  <parameter
     name="AUTO_IN_CLK_CLOCK_DOMAIN"
     type="Integer"
     defaultValue="-1"
     onHdl="0"
     affectsHdl="1" />
  <parameter
     name="AUTO_IN_CLK_RESET_DOMAIN"
     type="Integer"
     defaultValue="-1"
     onHdl="0"
     affectsHdl="1" />
  <interface name="in_clk" kind="clock" start="0">
   <property name="clockRate" value="0" />
   <property name="externallyDriven" value="false" />
   <property name="ptfSchematicName" value="" />
   <port name="in_clk" direction="input" role="clk" width="1" />
  </interface>
  <interface name="out_clk" kind="clock" start="1">
   <property name="associatedDirectClock" value="in_clk" />
   <property name="clockRate" value="50000000" />
   <property name="clockRateKnown" value="true" />
   <property name="externallyDriven" value="false" />
   <property name="ptfSchematicName" value="" />
   <port name="out_clk" direction="output" role="clk" width="1" />
  </interface>
 </perimeter>
 <entity kind="pgm_q_clock_in" version="1.0" name="pgm_q_clock_in">
  <parameter name="AUTO_GENERATION_ID" value="0" />
  <parameter name="AUTO_DEVICE" value="AGFB014R24B2E2V" />
  <parameter name="AUTO_IN_CLK_CLOCK_RATE" value="-1" />
  <parameter name="AUTO_DEVICE_FAMILY" value="Agilex 7" />
  <parameter name="AUTO_BOARD" value="default" />
  <parameter name="AUTO_IN_CLK_RESET_DOMAIN" value="-1" />
  <parameter name="AUTO_UNIQUE_ID" value="" />
  <parameter name="AUTO_DEVICE_SPEEDGRADE" value="2" />
  <parameter name="AUTO_IN_CLK_CLOCK_DOMAIN" value="-1" />
  <generatedFiles>
   <file
       path="/nfs/site/disks/swuser_work_mlavany1/project/lz/24.3/github_infra/ww30_b120/niosv_g_simple/ip/pgm_q/pgm_q_clock_in/synth/pgm_q_clock_in.v"
       attributes="CONTAINS_INLINE_CONFIGURATION" />
  </generatedFiles>
  <childGeneratedFiles>
   <file
       path="/nfs/site/disks/swuser_work_mlavany1/project/lz/24.3/github_infra/ww30_b120/niosv_g_simple/ip/pgm_q/pgm_q_clock_in/synth/pgm_q_clock_in.v"
       attributes="CONTAINS_INLINE_CONFIGURATION" />
  </childGeneratedFiles>
  <sourceFiles>
   <file
       path="/nfs/site/disks/swuser_work_mlavany1/project/lz/24.3/github_infra/ww30_b120/niosv_g_simple/ip/pgm_q/pgm_q_clock_in.ip" />
  </sourceFiles>
  <childSourceFiles/>
  <messages>
   <message level="Info" culprit="pgm_q_clock_in">"Generating: pgm_q_clock_in"</message>
  </messages>
 </entity>
</deploy>
