# system info pgm_q on 2024.07.05.06:10:40
system_info:
name,value
DEVICE,AGFB014R24B2E2V
DEVICE_FAMILY,Agilex 7
GENERATION_ID,0
#
#
# Files generated for pgm_q on 2024.07.05.06:10:40
files:
filepath,kind,attributes,module,is_top
sim/pgm_q.v,VERILOG,CONTAINS_INLINE_CONFIGURATION,pgm_q,true
altera_mm_interconnect_1920/sim/pgm_q_altera_mm_interconnect_1920_xthwb4a.v,VERILOG,CONTAINS_INLINE_CONFIGURATION,pgm_q_altera_mm_interconnect_1920_xthwb4a,false
altera_irq_mapper_2001/sim/pgm_q_altera_irq_mapper_2001_x43qi7i.sv,SYSTEM_VERILOG,,pgm_q_altera_irq_mapper_2001_x43qi7i,false
altera_reset_controller_1923/sim/altera_reset_controller.v,VERILOG,,altera_reset_controller,false
altera_reset_controller_1923/sim/altera_reset_synchronizer.v,VERILOG,,altera_reset_controller,false
altera_reset_controller_1923/sim/altera_reset_controller.sdc,SDC_ENTITY,NO_SDC_PROMOTION,altera_reset_controller,false
altera_merlin_axi_translator_1961/sim/pgm_q_altera_merlin_axi_translator_1961_7u562cy.sv,SYSTEM_VERILOG,,pgm_q_altera_merlin_axi_translator_1961_7u562cy,false
altera_merlin_slave_translator_191/sim/pgm_q_altera_merlin_slave_translator_191_xg7rzxi.sv,SYSTEM_VERILOG,,pgm_q_altera_merlin_slave_translator_191_xg7rzxi,false
altera_merlin_axi_master_ni_1990/sim/altera_merlin_address_alignment.sv,SYSTEM_VERILOG,,pgm_q_altera_merlin_axi_master_ni_1990_gr772qq,false
altera_merlin_axi_master_ni_1990/sim/pgm_q_altera_merlin_axi_master_ni_1990_gr772qq.sv,SYSTEM_VERILOG,,pgm_q_altera_merlin_axi_master_ni_1990_gr772qq,false
altera_merlin_slave_agent_1930/sim/pgm_q_altera_merlin_slave_agent_1930_jxauz3i.sv,SYSTEM_VERILOG,,pgm_q_altera_merlin_slave_agent_1930_jxauz3i,false
altera_merlin_slave_agent_1930/sim/altera_merlin_burst_uncompressor.sv,SYSTEM_VERILOG,,pgm_q_altera_merlin_slave_agent_1930_jxauz3i,false
altera_merlin_router_1921/sim/pgm_q_altera_merlin_router_1921_kym6m2q.sv,SYSTEM_VERILOG,,pgm_q_altera_merlin_router_1921_kym6m2q,false
altera_merlin_router_1921/sim/pgm_q_altera_merlin_router_1921_jnjq65y.sv,SYSTEM_VERILOG,,pgm_q_altera_merlin_router_1921_jnjq65y,false
altera_merlin_router_1921/sim/pgm_q_altera_merlin_router_1921_xnxkgda.sv,SYSTEM_VERILOG,,pgm_q_altera_merlin_router_1921_xnxkgda,false
altera_merlin_router_1921/sim/pgm_q_altera_merlin_router_1921_qyvgeei.sv,SYSTEM_VERILOG,,pgm_q_altera_merlin_router_1921_qyvgeei,false
altera_merlin_traffic_limiter_1921/sim/altera_merlin_reorder_memory.sv,SYSTEM_VERILOG,,pgm_q_altera_merlin_traffic_limiter_1921_5pm4apa,false
altera_merlin_traffic_limiter_1921/sim/altera_avalon_st_pipeline_base.v,SYSTEM_VERILOG,,pgm_q_altera_merlin_traffic_limiter_1921_5pm4apa,false
altera_merlin_traffic_limiter_1921/sim/pgm_q_altera_merlin_traffic_limiter_1921_5pm4apa.sv,SYSTEM_VERILOG,,pgm_q_altera_merlin_traffic_limiter_1921_5pm4apa,false
altera_merlin_burst_adapter_1940/sim/pgm_q_altera_merlin_burst_adapter_1940_d2k55uq.sv,SYSTEM_VERILOG,,pgm_q_altera_merlin_burst_adapter_1940_d2k55uq,false
altera_merlin_burst_adapter_1940/sim/altera_merlin_burst_adapter_uncmpr.sv,SYSTEM_VERILOG,,pgm_q_altera_merlin_burst_adapter_1940_d2k55uq,false
altera_merlin_burst_adapter_1940/sim/altera_merlin_burst_adapter_13_1.sv,SYSTEM_VERILOG,,pgm_q_altera_merlin_burst_adapter_1940_d2k55uq,false
altera_merlin_burst_adapter_1940/sim/altera_merlin_burst_adapter_new.sv,SYSTEM_VERILOG,,pgm_q_altera_merlin_burst_adapter_1940_d2k55uq,false
altera_merlin_burst_adapter_1940/sim/altera_incr_burst_converter.sv,SYSTEM_VERILOG,,pgm_q_altera_merlin_burst_adapter_1940_d2k55uq,false
altera_merlin_burst_adapter_1940/sim/altera_wrap_burst_converter.sv,SYSTEM_VERILOG,,pgm_q_altera_merlin_burst_adapter_1940_d2k55uq,false
altera_merlin_burst_adapter_1940/sim/altera_default_burst_converter.sv,SYSTEM_VERILOG,,pgm_q_altera_merlin_burst_adapter_1940_d2k55uq,false
altera_merlin_burst_adapter_1940/sim/altera_merlin_address_alignment.sv,SYSTEM_VERILOG,,pgm_q_altera_merlin_burst_adapter_1940_d2k55uq,false
altera_merlin_demultiplexer_1921/sim/pgm_q_altera_merlin_demultiplexer_1921_usuzvxq.sv,SYSTEM_VERILOG,,pgm_q_altera_merlin_demultiplexer_1921_usuzvxq,false
altera_merlin_demultiplexer_1921/sim/pgm_q_altera_merlin_demultiplexer_1921_whzax3q.sv,SYSTEM_VERILOG,,pgm_q_altera_merlin_demultiplexer_1921_whzax3q,false
altera_merlin_multiplexer_1922/sim/pgm_q_altera_merlin_multiplexer_1922_bcrjxzq.sv,SYSTEM_VERILOG,,pgm_q_altera_merlin_multiplexer_1922_bcrjxzq,false
altera_merlin_multiplexer_1922/sim/altera_merlin_arbitrator.sv,SYSTEM_VERILOG,,pgm_q_altera_merlin_multiplexer_1922_bcrjxzq,false
altera_merlin_multiplexer_1922/sim/pgm_q_altera_merlin_multiplexer_1922_n2vrsri.sv,SYSTEM_VERILOG,,pgm_q_altera_merlin_multiplexer_1922_n2vrsri,false
altera_merlin_multiplexer_1922/sim/altera_merlin_arbitrator.sv,SYSTEM_VERILOG,,pgm_q_altera_merlin_multiplexer_1922_n2vrsri,false
altera_merlin_demultiplexer_1921/sim/pgm_q_altera_merlin_demultiplexer_1921_ajr4npq.sv,SYSTEM_VERILOG,,pgm_q_altera_merlin_demultiplexer_1921_ajr4npq,false
altera_merlin_multiplexer_1922/sim/pgm_q_altera_merlin_multiplexer_1922_htfm65y.sv,SYSTEM_VERILOG,,pgm_q_altera_merlin_multiplexer_1922_htfm65y,false
altera_merlin_multiplexer_1922/sim/altera_merlin_arbitrator.sv,SYSTEM_VERILOG,,pgm_q_altera_merlin_multiplexer_1922_htfm65y,false
altera_merlin_multiplexer_1922/sim/pgm_q_altera_merlin_multiplexer_1922_s6fflga.sv,SYSTEM_VERILOG,,pgm_q_altera_merlin_multiplexer_1922_s6fflga,false
altera_merlin_multiplexer_1922/sim/altera_merlin_arbitrator.sv,SYSTEM_VERILOG,,pgm_q_altera_merlin_multiplexer_1922_s6fflga,false
altera_merlin_traffic_limiter_1921/sim/pgm_q_altera_merlin_traffic_limiter_altera_avalon_sc_fifo_1921_te3kfhq.v,VERILOG,CONTAINS_INLINE_CONFIGURATION,pgm_q_altera_merlin_traffic_limiter_altera_avalon_sc_fifo_1921_te3kfhq,false
altera_avalon_sc_fifo_1932/sim/pgm_q_altera_avalon_sc_fifo_1932_22gxxgi.v,VERILOG,,pgm_q_altera_avalon_sc_fifo_1932_22gxxgi,false
altera_merlin_burst_adapter_1940/sim/pgm_q_altera_merlin_burst_adapter_altera_avalon_st_pipeline_stage_1940_amki4ia.v,VERILOG,CONTAINS_INLINE_CONFIGURATION,pgm_q_altera_merlin_burst_adapter_altera_avalon_st_pipeline_stage_1940_amki4ia,false
altera_avalon_st_pipeline_stage_1930/sim/pgm_q_altera_avalon_st_pipeline_stage_1930_oiupeiq.sv,SYSTEM_VERILOG,,pgm_q_altera_avalon_st_pipeline_stage_1930_oiupeiq,false
altera_avalon_st_pipeline_stage_1930/sim/altera_avalon_st_pipeline_base.v,SYSTEM_VERILOG,,pgm_q_altera_avalon_st_pipeline_stage_1930_oiupeiq,false
#
# Map from instance-path to kind of module
instances:
instancePath,module
pgm_q.clock_in,pgm_q_clock_in
pgm_q.intel_niosv_g_0,pgm_q_intel_niosv_g_0
pgm_q.intel_onchip_memory_0,pgm_q_intel_onchip_memory_0
pgm_q.jtag_uart_0,pgm_q_jtag_uart_0
pgm_q.reset_in,pgm_q_reset_in
pgm_q.mm_interconnect_0,pgm_q_altera_mm_interconnect_1920_xthwb4a
pgm_q.mm_interconnect_0.intel_niosv_g_0_data_manager_translator,pgm_q_altera_merlin_axi_translator_1961_7u562cy
pgm_q.mm_interconnect_0.intel_niosv_g_0_instruction_manager_translator,pgm_q_altera_merlin_axi_translator_1961_7u562cy
pgm_q.mm_interconnect_0.jtag_uart_0_avalon_jtag_slave_translator,pgm_q_altera_merlin_slave_translator_191_xg7rzxi
pgm_q.mm_interconnect_0.intel_niosv_g_0_dm_agent_translator,pgm_q_altera_merlin_slave_translator_191_xg7rzxi
pgm_q.mm_interconnect_0.intel_onchip_memory_0_s1_translator,pgm_q_altera_merlin_slave_translator_191_xg7rzxi
pgm_q.mm_interconnect_0.intel_niosv_g_0_timer_sw_agent_translator,pgm_q_altera_merlin_slave_translator_191_xg7rzxi
pgm_q.mm_interconnect_0.intel_niosv_g_0_data_manager_agent,pgm_q_altera_merlin_axi_master_ni_1990_gr772qq
pgm_q.mm_interconnect_0.intel_niosv_g_0_instruction_manager_agent,pgm_q_altera_merlin_axi_master_ni_1990_gr772qq
pgm_q.mm_interconnect_0.jtag_uart_0_avalon_jtag_slave_agent,pgm_q_altera_merlin_slave_agent_1930_jxauz3i
pgm_q.mm_interconnect_0.intel_niosv_g_0_dm_agent_agent,pgm_q_altera_merlin_slave_agent_1930_jxauz3i
pgm_q.mm_interconnect_0.intel_onchip_memory_0_s1_agent,pgm_q_altera_merlin_slave_agent_1930_jxauz3i
pgm_q.mm_interconnect_0.intel_niosv_g_0_timer_sw_agent_agent,pgm_q_altera_merlin_slave_agent_1930_jxauz3i
pgm_q.mm_interconnect_0.jtag_uart_0_avalon_jtag_slave_agent_rsp_fifo,pgm_q_altera_avalon_sc_fifo_1932_22gxxgi
pgm_q.mm_interconnect_0.jtag_uart_0_avalon_jtag_slave_agent_rdata_fifo,pgm_q_altera_avalon_sc_fifo_1932_22gxxgi
pgm_q.mm_interconnect_0.intel_niosv_g_0_dm_agent_agent_rsp_fifo,pgm_q_altera_avalon_sc_fifo_1932_22gxxgi
pgm_q.mm_interconnect_0.intel_niosv_g_0_dm_agent_agent_rdata_fifo,pgm_q_altera_avalon_sc_fifo_1932_22gxxgi
pgm_q.mm_interconnect_0.intel_onchip_memory_0_s1_agent_rsp_fifo,pgm_q_altera_avalon_sc_fifo_1932_22gxxgi
pgm_q.mm_interconnect_0.intel_onchip_memory_0_s1_agent_rdata_fifo,pgm_q_altera_avalon_sc_fifo_1932_22gxxgi
pgm_q.mm_interconnect_0.intel_niosv_g_0_timer_sw_agent_agent_rsp_fifo,pgm_q_altera_avalon_sc_fifo_1932_22gxxgi
pgm_q.mm_interconnect_0.intel_niosv_g_0_timer_sw_agent_agent_rdata_fifo,pgm_q_altera_avalon_sc_fifo_1932_22gxxgi
pgm_q.mm_interconnect_0.router,pgm_q_altera_merlin_router_1921_kym6m2q
pgm_q.mm_interconnect_0.router_001,pgm_q_altera_merlin_router_1921_kym6m2q
pgm_q.mm_interconnect_0.router_002,pgm_q_altera_merlin_router_1921_jnjq65y
pgm_q.mm_interconnect_0.router_003,pgm_q_altera_merlin_router_1921_jnjq65y
pgm_q.mm_interconnect_0.router_004,pgm_q_altera_merlin_router_1921_xnxkgda
pgm_q.mm_interconnect_0.router_007,pgm_q_altera_merlin_router_1921_xnxkgda
pgm_q.mm_interconnect_0.router_005,pgm_q_altera_merlin_router_1921_qyvgeei
pgm_q.mm_interconnect_0.router_006,pgm_q_altera_merlin_router_1921_qyvgeei
pgm_q.mm_interconnect_0.intel_niosv_g_0_instruction_manager_wr_limiter,pgm_q_altera_merlin_traffic_limiter_1921_5pm4apa
pgm_q.mm_interconnect_0.intel_niosv_g_0_instruction_manager_wr_limiter.my_altera_avalon_sc_fifo_dest_id_fifo,pgm_q_altera_merlin_traffic_limiter_altera_avalon_sc_fifo_1921_te3kfhq
pgm_q.mm_interconnect_0.intel_niosv_g_0_instruction_manager_wr_limiter.my_altera_avalon_sc_fifo_dest_id_fifo.my_altera_avalon_sc_fifo_dest_id_fifo,pgm_q_altera_avalon_sc_fifo_1932_22gxxgi
pgm_q.mm_interconnect_0.intel_niosv_g_0_instruction_manager_rd_limiter,pgm_q_altera_merlin_traffic_limiter_1921_5pm4apa
pgm_q.mm_interconnect_0.intel_niosv_g_0_instruction_manager_rd_limiter.my_altera_avalon_sc_fifo_dest_id_fifo,pgm_q_altera_merlin_traffic_limiter_altera_avalon_sc_fifo_1921_te3kfhq
pgm_q.mm_interconnect_0.intel_niosv_g_0_instruction_manager_rd_limiter.my_altera_avalon_sc_fifo_dest_id_fifo.my_altera_avalon_sc_fifo_dest_id_fifo,pgm_q_altera_avalon_sc_fifo_1932_22gxxgi
pgm_q.mm_interconnect_0.jtag_uart_0_avalon_jtag_slave_burst_adapter,pgm_q_altera_merlin_burst_adapter_1940_d2k55uq
pgm_q.mm_interconnect_0.jtag_uart_0_avalon_jtag_slave_burst_adapter.my_altera_avalon_st_pipeline_stage,pgm_q_altera_merlin_burst_adapter_altera_avalon_st_pipeline_stage_1940_amki4ia
pgm_q.mm_interconnect_0.jtag_uart_0_avalon_jtag_slave_burst_adapter.my_altera_avalon_st_pipeline_stage.my_altera_avalon_st_pipeline_stage,pgm_q_altera_avalon_st_pipeline_stage_1930_oiupeiq
pgm_q.mm_interconnect_0.intel_niosv_g_0_dm_agent_burst_adapter,pgm_q_altera_merlin_burst_adapter_1940_d2k55uq
pgm_q.mm_interconnect_0.intel_niosv_g_0_dm_agent_burst_adapter.my_altera_avalon_st_pipeline_stage,pgm_q_altera_merlin_burst_adapter_altera_avalon_st_pipeline_stage_1940_amki4ia
pgm_q.mm_interconnect_0.intel_niosv_g_0_dm_agent_burst_adapter.my_altera_avalon_st_pipeline_stage.my_altera_avalon_st_pipeline_stage,pgm_q_altera_avalon_st_pipeline_stage_1930_oiupeiq
pgm_q.mm_interconnect_0.intel_onchip_memory_0_s1_burst_adapter,pgm_q_altera_merlin_burst_adapter_1940_d2k55uq
pgm_q.mm_interconnect_0.intel_onchip_memory_0_s1_burst_adapter.my_altera_avalon_st_pipeline_stage,pgm_q_altera_merlin_burst_adapter_altera_avalon_st_pipeline_stage_1940_amki4ia
pgm_q.mm_interconnect_0.intel_onchip_memory_0_s1_burst_adapter.my_altera_avalon_st_pipeline_stage.my_altera_avalon_st_pipeline_stage,pgm_q_altera_avalon_st_pipeline_stage_1930_oiupeiq
pgm_q.mm_interconnect_0.intel_niosv_g_0_timer_sw_agent_burst_adapter,pgm_q_altera_merlin_burst_adapter_1940_d2k55uq
pgm_q.mm_interconnect_0.intel_niosv_g_0_timer_sw_agent_burst_adapter.my_altera_avalon_st_pipeline_stage,pgm_q_altera_merlin_burst_adapter_altera_avalon_st_pipeline_stage_1940_amki4ia
pgm_q.mm_interconnect_0.intel_niosv_g_0_timer_sw_agent_burst_adapter.my_altera_avalon_st_pipeline_stage.my_altera_avalon_st_pipeline_stage,pgm_q_altera_avalon_st_pipeline_stage_1930_oiupeiq
pgm_q.mm_interconnect_0.cmd_demux,pgm_q_altera_merlin_demultiplexer_1921_usuzvxq
pgm_q.mm_interconnect_0.cmd_demux_001,pgm_q_altera_merlin_demultiplexer_1921_usuzvxq
pgm_q.mm_interconnect_0.rsp_demux_001,pgm_q_altera_merlin_demultiplexer_1921_usuzvxq
pgm_q.mm_interconnect_0.rsp_demux_002,pgm_q_altera_merlin_demultiplexer_1921_usuzvxq
pgm_q.mm_interconnect_0.cmd_demux_002,pgm_q_altera_merlin_demultiplexer_1921_whzax3q
pgm_q.mm_interconnect_0.cmd_demux_003,pgm_q_altera_merlin_demultiplexer_1921_whzax3q
pgm_q.mm_interconnect_0.cmd_mux,pgm_q_altera_merlin_multiplexer_1922_bcrjxzq
pgm_q.mm_interconnect_0.cmd_mux_003,pgm_q_altera_merlin_multiplexer_1922_bcrjxzq
pgm_q.mm_interconnect_0.cmd_mux_001,pgm_q_altera_merlin_multiplexer_1922_n2vrsri
pgm_q.mm_interconnect_0.cmd_mux_002,pgm_q_altera_merlin_multiplexer_1922_n2vrsri
pgm_q.mm_interconnect_0.rsp_demux,pgm_q_altera_merlin_demultiplexer_1921_ajr4npq
pgm_q.mm_interconnect_0.rsp_demux_003,pgm_q_altera_merlin_demultiplexer_1921_ajr4npq
pgm_q.mm_interconnect_0.rsp_mux,pgm_q_altera_merlin_multiplexer_1922_htfm65y
pgm_q.mm_interconnect_0.rsp_mux_001,pgm_q_altera_merlin_multiplexer_1922_htfm65y
pgm_q.mm_interconnect_0.rsp_mux_002,pgm_q_altera_merlin_multiplexer_1922_s6fflga
pgm_q.mm_interconnect_0.rsp_mux_003,pgm_q_altera_merlin_multiplexer_1922_s6fflga
pgm_q.irq_mapper,pgm_q_altera_irq_mapper_2001_x43qi7i
pgm_q.rst_controller,altera_reset_controller
pgm_q.rst_controller_001,altera_reset_controller
